Variable,SurveyIntValue,SurveyStrValue
eutil,1,LADWP
eutil,2,PGE
eutil,3,SCE
eutil,4,SDGE
eutil,5,SMUD
NGUTIL,1,PG&E
NGUTIL,2,SDG&E
NGUTIL,3,So Cal Gas
NGUTIL,4,SW GAS
NGUTIL,5,CITY OF COALINGA
NGUTIL,6,LONG BEACH GAS DEPT
NGUTIL,7,NOT SURE
NGUTIL,97,NO RESPONSE
NGUTIL,99,NOT APPLICABLE
cec_forcasting_zone,1,  1- PGE Greater Bay Area
cec_forcasting_zone,2,  2-PGE  North Coast 
cec_forcasting_zone,3,  3-PGE  North Valley
cec_forcasting_zone,4,  4-PGE  Central Valley
cec_forcasting_zone,5,  5-PGE  Southern Valley
cec_forcasting_zone,6,  6-PGE  Central Coast
cec_forcasting_zone,7,  7-SCE LA Metro
cec_forcasting_zone,8,  8-SCE Big Creek West
cec_forcasting_zone,9,  9-SCE Big Creek East 
cec_forcasting_zone,10,  10-SCE Northeast 
cec_forcasting_zone,11,  11-SCE Eastern
cec_forcasting_zone,12,  12- SDG&E
cec_forcasting_zone,13,  13- SMUD Service Territory
cec_forcasting_zone,16,  16-LADWP Coastal
cec_forcasting_zone,17,  17-LADWP Inland
czt24,1,1- Arcata
czt24,2,2 - Santa Rosa
czt24,3,3 - Oakland
czt24,4,4 - Sunnyvale
czt24,5,5 - Santa Maria
czt24,6,6 - Los Angeles
czt24,7,7 - San Diego
czt24,8,8 - El Toro
czt24,9,9 - Pasadena
czt24,10,10 - Riverside
czt24,11,11 - Red Bluff
czt24,12,12 - Sacramento
czt24,13,13 - Fresno
czt24,14,14 - China Lake
czt24,15,15 - El Centro
czt24,16,16 - Mount Shasta
scg,1,SCG ACCOUNT
scg,0,NOT SCG ACCOUNT
elecmm,1,Master Metered
elecmm,2,Individually Metered
res,1,SINGLE FAMILY DETACHED
res,2,"TOWNHOUSE, DUPLEX, OR ROW HOUSE"
res,3,APARTMENT OR CONDO (2-4 UNITS)
res,4,APARTMENT OR CONDO (5+ UNITS)
res,5,MOBILE HOME
rescnt,0,0
rescnt,1,1
rescnt,2,2
rescnt,3,3
rescnt,4,4
rescnt,5,5
rescnt,6,6
rescnt,7,7
rescnt,8,8
rescnt,9,9
rescnt,10,10
rescnt,11,11
rescnt,12,12
rescnt,13,13
rescnt,14,14
rescnt,15,15
rescnt,16,16
rescnt,17,17
rescnt,18,18
rescnt,19,19
rescnt,20,20
rescnt,21,21
rescnt,22,22
rescnt,24,24
rescnt,25,25
rescnt,26,26
rescnt,27,27
rescnt,28,28
rescnt,34,34
rescnt,42,42
rescnt,97,NO RESPONSE
DWLTYPE,1,SINGLE FAMILY DETACHED
DWLTYPE,2,"TOWNHOUSE, DUPLEX, OR ROW HOUSE"
DWLTYPE,3,APARTMENT OR CONDO (2-4 UNITS)
DWLTYPE,4,APARTMENT OR CONDO (5+ UNITS)
DWLTYPE,5,MOBILE HOME
DWLTYPE,6,OTHER
DWLTYPE,97,NO RESPONSE
STORIES,1,ONE STORIES SF
STORIES,2,TWO STORIES SF
STORIES,3,THREE STORIES SF
STORIES,97,NO RESPONSE
STORIES,99,NOT APPLICABLE
OWNRENT,1,OWN
OWNRENT,2,RENT
OWNRENT,97,NO RESPONSE
YRS_RES,1,LIVED HERE 1 YR OR LESS
YRS_RES,2,LIVED HERE 2 YRS
YRS_RES,3,LIVED HERE 3 YRS
YRS_RES,4,LIVED HERE 4 YRS
YRS_RES,5,LIVED HERE 5 YRS
YRS_RES,6,LIVED HERE 6 YRS
YRS_RES,7,LIVED HERE 7 YRS
YRS_RES,8,LIVED HERE 8 YRS
YRS_RES,9,LIVED HERE 9 YRS
YRS_RES,10,LIVED HERE 10 YRS
YRS_RES,11,LIVED HERE 11 YRS
YRS_RES,12,LIVED HERE 12 YRS
YRS_RES,13,LIVED HERE 13 YRS
YRS_RES,14,LIVED HERE 14 YRS
YRS_RES,15,LIVED HERE 15 YRS
YRS_RES,16,LIVED HERE 16 - 20 YRS
YRS_RES,17,LIVED HERE 21 - 30 YRS
YRS_RES,18,LIVED HERE 31 +
YRS_RES,97,NO RESPONSE
SEASOCC,1,YEAR ROUND RES
SEASOCC,2,SEASONAL RES
SEASOCC,3,VACATION HOME
SEASOCC,4,VACATION RENTAL HOME
SEASOCC,97,NO RESPONSE
SEASJAN,0,NOT SEASONAL RENTAL MONTH
SEASJAN,1,SEASONAL RENTAL MONTH
SEASJAN,99,NOT APPLICABLE
SEASFEB,0,NOT SEASONAL RENTAL MONTH
SEASFEB,1,SEASONAL RENTAL MONTH
SEASFEB,99,NOT APPLICABLE
SEASMAR,0,NOT SEASONAL RENTAL MONTH
SEASMAR,1,SEASONAL RENTAL MONTH
SEASMAR,99,NOT APPLICABLE
SEASAPR,0,NOT SEASONAL RENTAL MONTH
SEASAPR,1,SEASONAL RENTAL MONTH
SEASAPR,99,NOT APPLICABLE
SEASMAY,0,NOT SEASONAL RENTAL MONTH
SEASMAY,1,SEASONAL RENTAL MONTH
SEASMAY,99,NOT APPLICABLE
SEASJUN,0,NOT SEASONAL RENTAL MONTH
SEASJUN,1,SEASONAL RENTAL MONTH
SEASJUN,99,NOT APPLICABLE
SEASJUL,0,NOT SEASONAL RENTAL MONTH
SEASJUL,1,SEASONAL RENTAL MONTH
SEASJUL,99,NOT APPLICABLE
SEASAUG,0,NOT SEASONAL RENTAL MONTH
SEASAUG,1,SEASONAL RENTAL MONTH
SEASAUG,99,NOT APPLICABLE
SEASSEP,0,NOT SEASONAL RENTAL MONTH
SEASSEP,1,SEASONAL RENTAL MONTH
SEASSEP,99,NOT APPLICABLE
SEASOCT,0,NOT SEASONAL RENTAL MONTH
SEASOCT,1,SEASONAL RENTAL MONTH
SEASOCT,99,NOT APPLICABLE
SEASNOV,0,NOT SEASONAL RENTAL MONTH
SEASNOV,1,SEASONAL RENTAL MONTH
SEASNOV,99,NOT APPLICABLE
SEASDEC,0,NOT SEASONAL RENTAL MONTH
SEASDEC,1,SEASONAL RENTAL MONTH
SEASDEC,99,NOT APPLICABLE
BUILTYR,1,DWL BUILT PRIOR 1940
BUILTYR,2,DWL BUILT 1940-1949
BUILTYR,3,DWL BUILT 1950-1959
BUILTYR,4,DWL BUILT 1960-1969
BUILTYR,5,DWL BUILT 1970-1974
BUILTYR,6,DWL BUILT 1975-1978
BUILTYR,7,DWL BUILT 1979-1983
BUILTYR,8,DWL BUILT 1984-1991
BUILTYR,9,DWL BUILT 1992-1999
BUILTYR,10,DWL BUILT 2000-2005
BUILTYR,11,DWL BUILT 2006-2012
BUILTYR,12,DWL BUILT 2013-2019
BUILTYR,97,NO RESPONSE
NUMROOM,0,"NO BEDROOMS, STUDIO"
NUMROOM,1,ONE BEDROOM
NUMROOM,2,TWO BEDROOMS
NUMROOM,3,THREE BEDROOMS
NUMROOM,4,FOUR BEDROOMS
NUMROOM,5,FIVE BEDROOMS
NUMROOM,6,SIX BEDROOMS
NUMROOM,7,SEVEN BEDROOMS
NUMROOM,8,EIGHT BEDROOMS
NUMROOM,9,NINE BEDROOMS
NUMROOM,10,TEN BEDROOMS
NUMROOM,11,MORE THAN TEN BEDROOMS
NUMROOM,97,NO RESPONSE
SQFT,1,LESS THAN 250 SQFT
SQFT,2,250-500 SQFT
SQFT,3,501-750 SQFT
SQFT,4,751-1000 SQFT
SQFT,5,1001-1250 SQFT
SQFT,6,1251-1500 SQFT
SQFT,7,1501-2000 SQFT
SQFT,8,2001-2500 SQFT
SQFT,9,2501-3000 SQFT
SQFT,10,3001-4000 SQFT
SQFT,11,4001-5000 SQFT
SQFT,12,5001 + SQFT
SQFT,97,NO RESPONSE
EXTWLINS,1,"YES, ALL EXT WALLS"
EXTWLINS,2,"YES, SOME EXT WALLS"
EXTWLINS,3,"NO, EXT WALLS"
EXTWLINS,4,UNKNOWN
EXTWLINS,97,NO RESPONSE
ACEILINS,1,YES
ACEILINS,2,NO
ACEILINS,3,UNKNOWN
ACEILINS,97,NO RESPONSE
CEILINCH,1,0-3 INCHES
CEILINCH,2,4-6 INCHES
CEILINCH,3,7-10 INCHES
CEILINCH,4,10 + INCHES
CEILINCH,97,NO RESPONSE
CEILINCH,99,NOT APPLICABLE
WINDTYPE,1,ALL OR MOST SINGLE PANE
WINDTYPE,2,ALL OR MOST DOUBLE PANE
WINDTYPE,3,MIXTURE SINGLE AND DOUBLE PANE
WINDTYPE,4,"MIXTURE OF SINGLE, DOUBLE AND/OR TRIPLE PANE"
WINDTYPE,97,NO RESPONSE
WINFRAME,1,VINYL FRAMES
WINFRAME,2,WOOD FRAMES
WINFRAME,3,METAL FRAMES
WINFRAME,97,NO RESPONSE
WINFPTYP,1,VINYL-DOUBLE
WINFPTYP,2,VINYL-SINGLE
WINFPTYP,3,VINYL-MIXTURE
WINFPTYP,4,VINYL-NR
WINFPTYP,5,WOOD-DOUBLE
WINFPTYP,6,WOOD-SINGLE
WINFPTYP,7,WOOD-MIXTURE
WINFPTYP,8,WOOD-NR
WINFPTYP,9,METAL-DOUBLE
WINFPTYP,10,METAL-SINGLE
WINFPTYP,11,METAL-MIXTURE
WINFPTYP,12,METAL-NR
WINFPTYP,13,NR-DOUBLE
WINFPTYP,14,NR-SINGLE
WINFPTYP,15,NR-MIXTURE
WINFPTYP,16,VINYL-TRIPLE
WINFPTYP,17,WOOD-TRIPLE
WINFPTYP,18,METAL-TRIPLE
WINFPTYP,19,NR-TRIPLE
WINFPTYP,97,NR-NR
REMOD,1,NO
REMOD,2,YES
REMOD,97,NO RESPONSE
RMDROOM,0,NO
RMDROOM,1,YES
RMDROOM,97,NO RESPONSE
RMDROOM,99,NOT APPLICABLE
RMDKTBTH,0,NO
RMDKTBTH,1,YES
RMDKTBTH,97,NO RESPONSE
RMDKTBTH,99,NOT APPLICABLE
RMDREBLT,0,NO
RMDREBLT,1,YES
RMDREBLT,97,NO RESPONSE
RMDREBLT,99,NOT APPLICABLE
RMDOTHR,0,NO
RMDOTHR,1,YES
RMDOTHR,97,NO RESPONSE
RMDOTHR,99,NOT APPLICABLE
kids,0,O RESPONDENTS
kids,1,1 RESPONDENT
kids,2,2 RESPONDENTS
kids,3,3 RESPONDENTS
kids,4,4 RESPONDENTS
kids,5,5 RESPONDENTS
kids,6,6 RESPONDENTS
kids,7,7 RESPONDENTS
kids,8,8 RESPONDENTS
kids,9,9 RESPONDENTS
kids,10,10 RESPONDENTS
kids,11,11 RESPONDENTS
kids,12,12 RESPONDENTS
kids,14,14 RESPONDENTS
kids,97,NO RESPONSE
adults,0,O RESPONDENTS
adults,1,1 RESPONDENT
adults,2,2 RESPONDENTS
adults,3,3 RESPONDENTS
adults,4,4 RESPONDENTS
adults,5,5 RESPONDENTS
adults,6,6 RESPONDENTS
adults,7,7 RESPONDENTS
adults,8,8 RESPONDENTS
adults,9,9 RESPONDENTS
adults,10,10 RESPONDENTS
adults,11,11 RESPONDENTS
adults,12,12 RESPONDENTS
adults,13,13 RESPONDENTS
adults,14,14 RESPONDENTS
adults,15,15 RESPONDENTS
adults,16,16 RESPONDENTS
adults,17,17 RESPONDENTS
adults,21,21 RESPONDENTS
adults,97,NO RESPONSE
seniors,0,O RESPONDENTS
seniors,1,1 RESPONDENT
seniors,2,2 RESPONDENTS
seniors,3,3 RESPONDENTS
seniors,4,4 RESPONDENTS
seniors,5,5 RESPONDENTS
seniors,6,6 RESPONDENTS
seniors,7,7 RESPONDENTS
seniors,97,NO RESPONSE
NR0_5,0,O RESPONDENTS
NR0_5,1,1 RESPONDENT
NR0_5,2,2 RESPONDENTS
NR0_5,3,3 RESPONDENTS
NR0_5,4,4 RESPONDENTS
NR0_5,5,5 RESPONDENTS
NR0_5,6,6 RESPONDENTS
NR0_5,7,7 RESPONDENTS
NR0_5,8,8 + RESPONDENTS
NR0_5,97,NO RESPONSE
NR6_18,0,O RESPONDENTS
NR6_18,1,1 RESPONDENT
NR6_18,2,2 RESPONDENTS
NR6_18,3,3 RESPONDENTS
NR6_18,4,4 RESPONDENTS
NR6_18,5,5 RESPONDENTS
NR6_18,6,6 RESPONDENTS
NR6_18,7,7 RESPONDENTS
NR6_18,8,8 + RESPONDENTS
NR6_18,97,NO RESPONSE
NR19_34,0,O RESPONDENTS
NR19_34,1,1 RESPONDENT
NR19_34,2,2 RESPONDENTS
NR19_34,3,3 RESPONDENTS
NR19_34,4,4 RESPONDENTS
NR19_34,5,5 RESPONDENTS
NR19_34,6,6 RESPONDENTS
NR19_34,7,7 RESPONDENTS
NR19_34,8,8 + RESPONDENTS
NR19_34,97,NO RESPONSE
NR35_54,0,O RESPONDENTS
NR35_54,1,1 RESPONDENT
NR35_54,2,2 RESPONDENTS
NR35_54,3,3 RESPONDENTS
NR35_54,4,4 RESPONDENTS
NR35_54,5,5 RESPONDENTS
NR35_54,6,6 RESPONDENTS
NR35_54,7,7 RESPONDENTS
NR35_54,8,8 + RESPONDENTS
NR35_54,97,NO RESPONSE
NR55_64,0,O RESPONDENTS
NR55_64,1,1 RESPONDENT
NR55_64,2,2 RESPONDENTS
NR55_64,3,3 RESPONDENTS
NR55_64,4,4 RESPONDENTS
NR55_64,5,5 RESPONDENTS
NR55_64,6,6 RESPONDENTS
NR55_64,7,7 RESPONDENTS
NR55_64,8,8 + RESPONDENTS
NR55_64,97,NO RESPONSE
NR65_99,0,O RESPONDENTS
NR65_99,1,1 RESPONDENT
NR65_99,2,2 RESPONDENTS
NR65_99,3,3 RESPONDENTS
NR65_99,4,4 RESPONDENTS
NR65_99,5,5 RESPONDENTS
NR65_99,6,6 RESPONDENTS
NR65_99,7,7 RESPONDENTS
NR65_99,8,8 + RESPONDENTS
NR65_99,97,NO RESPONSE
ONPKUSE,1,FREQUENTLY
ONPKUSE,2,OCCASIONALLY
ONPKUSE,3,RARELY OR NEVER
ONPKUSE,97,NO RESPONSE
NGSERV,1,YES
NGSERV,2,NO
NGSERV,97,NO RESPONSE
NGLINE,1,YES
NGLINE,2,NO
NGLINE,97,NO RESPONSE
NGLINE,99,NOT APPLICABLE
EVYN,1,YES
EVYN,2,NO
EVYN,97,NO RESPONSE
EVYN2,1,YES
EVYN2,2,NO
NUMBEV,0,NONE
NUMBEV,1,ONE  PLUG-IN VEHICLE
NUMBEV,2,TWO PLUG-IN VEHICLES
NUMBEV,3,3 OR MORE PLUG-IN VEHICLES
NUMBEV,97,NO RESPONSE
NUMBEV,99,NOT APPLICABLE
NUMHEV,0,NONE
NUMHEV,1,ONE  HYBRID VEHICLE
NUMHEV,2,TWO HYBRID VEHICLES
NUMHEV,3,3 OR MORE HYBRID VEHICLES
NUMHEV,97,NO RESPONSE
NUMHEV,99,NOT APPLICABLE
EVMDMF,1,LESS THAN 20 MILES
EVMDMF,2,21-40 MILES
EVMDMF,3,41-60 MILES
EVMDMF,4,61-100 MILES
EVMDMF,5,MORE THAN 101 MILES
EVMDMF,97,NO RESPONSE
EVMDMF,99,NOT APPLICABLE
EVMDSS,1,LESS THAN 20 MILES
EVMDSS,2,21-40 MILES
EVMDSS,3,41-60 MILES
EVMDSS,4,61-100 MILES
EVMDSS,5,MORE THAN 101 MILES
EVMDSS,97,NO RESPONSE
EVMDSS,99,NOT APPLICABLE
EVTMCHH,1,DAILY
EVTMCHH,2,5-6 TIMES PER WEEK
EVTMCHH,3,3-4 TIMES PER WEEK
EVTMCHH,4,1-2 TIMES PER WEEK
EVTMCHH,5,LESS THAN ONCE A WEEK
EVTMCHH,97,NO RESPONSE
EVTMCHH,99,NOT APPLICABLE
EVTMCHW,1,DAILY
EVTMCHW,2,5-6 TIMES PER WEEK
EVTMCHW,3,3-4 TIMES PER WEEK
EVTMCHW,4,1-2 TIMES PER WEEK
EVTMCHW,5,LESS THAN ONCE A WEEK
EVTMCHW,97,NO RESPONSE
EVTMCHW,99,NOT APPLICABLE
EVTMCHO,1,DAILY
EVTMCHO,2,5-6 TIMES PER WEEK
EVTMCHO,3,3-4 TIMES PER WEEK
EVTMCHO,4,1-2 TIMES PER WEEK
EVTMCHO,5,LESS THAN ONCE A WEEK
EVTMCHO,97,NO RESPONSE
EVTMCHO,99,NOT APPLICABLE
EVCHTYPE,1,LEVEL 1 (120V) STANDARD WALL OUTLET – SLOWER CHARGE
EVCHTYPE,2,LEVEL 2 (240V) CHARGER - OUTLET LIKE CLOTHES DRYER USES – FASTER CHARGE 
EVCHTYPE,3,DON’T KNOW
EVCHTYPE,4,DO NOT CHARGE AT HOME 
EVCHTYPE,97,NO RESPONSE
EVCHTYPE,99,NOT APPLICABLE
EVCHH6_9,1,MORNING (6AM-9AM)
EVCHH6_9,97,NO RESPONSE
EVCHH6_9,99,NOT APPLICABLE
EVCHH9_5,1,DAY (9AM–5PM) 
EVCHH9_5,97,NO RESPONSE
EVCHH9_5,99,NOT APPLICABLE
EVCHH5_9,1,EVENING (5PM–9PM)
EVCHH5_9,97,NO RESPONSE
EVCHH5_9,99,NOT APPLICABLE
EVCHH9_6,1,NIGHT (9PM–6AM) 
EVCHH9_6,97,NO RESPONSE
EVCHH9_6,99,NOT APPLICABLE
payheat2,0,"MASTERMETER, WITH GAS HEAT"
payheat2,1,PAYHEAT
payheat2,2,INCLUDED IN RENT
payheat2,3,NO HEATING SYSTEM
payheat2,97,NO RESPONSE
phtfuel3,1,NATURAL GAS
phtfuel3,2,ELECTRIC
phtfuel3,3,PROPANE
phtfuel3,4,WOOD
phtfuel3,5,SOLAR
phtfuel3,6,OTHER
phtfuel3,97,NO RESPONSE
phtfuel3,99,NOT APPLICABLE
phtfuel2,1,NATURAL GAS
phtfuel2,2,ELECTRIC
phtfuel2,3,PROPANE
phtfuel2,4,WOOD
phtfuel2,5,SOLAR
phtfuel2,6,OTHER
phtfuel2,99,NOT APPLICABLE
phtfuel2,97,NO RESPONSE
PAYHEAT,1,YES
PAYHEAT,2,"NO, PART OF RENT"
PAYHEAT,3,NO HEATING SYSTEM
PAYHEAT,97,NO RESPONSE
PHTNGCNT,0,NO
PHTNGCNT,1,YES
PHTNGCNT,97,NO RESPONSE
PHTNGCNT,99,NOT APPLICABLE
PHTNGFWL,0,NO
PHTNGFWL,1,YES
PHTNGFWL,97,NO RESPONSE
PHTNGFWL,99,NOT APPLICABLE
PHTNGRAD,0,NO
PHTNGRAD,1,YES
PHTNGRAD,97,NO RESPONSE
PHTNGRAD,99,NOT APPLICABLE
PHTNGFP,0,NO
PHTNGFP,1,YES
PHTNGFP,97,NO RESPONSE
PHTNGFP,99,NOT APPLICABLE
PHTNGOTH,0,NO
PHTNGOTH,1,YES
PHTNGOTH,97,NO RESPONSE
PHTNGOTH,99,NOT APPLICABLE
PHTELBSB,0,NO
PHTELBSB,1,YES
PHTELBSB,97,NO RESPONSE
PHTELBSB,99,NOT APPLICABLE
PHTELCRH,0,NO
PHTELCRH,1,YES
PHTELCRH,97,NO RESPONSE
PHTELCRH,99,NOT APPLICABLE
PHTELCHP,0,NO
PHTELCHP,1,YES
PHTELCHP,97,NO RESPONSE
PHTELCHP,99,NOT APPLICABLE
PHTELWHP,0,NO
PHTELWHP,1,YES
PHTELWHP,97,NO RESPONSE
PHTELWHP,99,NOT APPLICABLE
PHTELPOR,0,NO
PHTELPOR,1,YES
PHTELPOR,97,NO RESPONSE
PHTELPOR,99,NOT APPLICABLE
PHTELOTH,0,NO
PHTELOTH,1,YES
PHTELOTH,97,NO RESPONSE
PHTELOTH,99,NOT APPLICABLE
PHTBGCNT,0,NO
PHTBGCNT,1,YES
PHTBGCNT,97,NO RESPONSE
PHTBGCNT,99,NOT APPLICABLE
PHTBGFWL,0,NO
PHTBGFWL,1,YES
PHTBGFWL,97,NO RESPONSE
PHTBGFWL,99,NOT APPLICABLE
PHTBGRAD,0,NO
PHTBGRAD,1,YES
PHTBGRAD,97,NO RESPONSE
PHTBGRAD,99,NOT APPLICABLE
PHTBGOTH,0,NO
PHTBGOTH,1,YES
PHTBGOTH,97,NO RESPONSE
PHTBGOTH,99,NOT APPLICABLE
PHTWDWS,0,NO
PHTWDWS,1,YES
PHTWDWS,97,NO RESPONSE
PHTWDWS,99,NOT APPLICABLE
PHTWDFP,0,NO
PHTWDFP,1,YES
PHTWDFP,97,NO RESPONSE
PHTWDFP,99,NOT APPLICABLE
PHTSLRN,0,NO
PHTSLRN,1,YES
PHTSLRN,97,NO RESPONSE
PHTSLRN,99,NOT APPLICABLE
PHTSLRG,0,NO
PHTSLRG,1,YES
PHTSLRG,97,NO RESPONSE
PHTSLRG,99,NOT APPLICABLE
PHTSLRP,0,NO
PHTSLRP,1,YES
PHTSLRP,97,NO RESPONSE
PHTSLRP,99,NOT APPLICABLE
PHTSLRE,0,NO
PHTSLRE,1,YES
PHTSLRE,97,NO RESPONSE
PHTSLRE,99,NOT APPLICABLE
PHTOTSYS,0,NO
PHTOTSYS,1,YES
PHTOTSYS,97,NO RESPONSE
PHTOTSYS,99,NOT APPLICABLE
AHTNGCNT,0,NO
AHTNGCNT,1,YES
AHTNGCNT,97,NO RESPONSE
AHTNGCNT,99,NOT APPLICABLE
AHTNGFWL,0,NO
AHTNGFWL,1,YES
AHTNGFWL,97,NO RESPONSE
AHTNGFWL,99,NOT APPLICABLE
AHTNGRAD,0,NO
AHTNGRAD,1,YES
AHTNGRAD,97,NO RESPONSE
AHTNGRAD,99,NOT APPLICABLE
AHTNGOTH,0,NO
AHTNGOTH,1,YES
AHTNGOTH,97,NO RESPONSE
AHTNGOTH,99,NOT APPLICABLE
AHTELBSB,0,NO
AHTELBSB,1,YES
AHTELBSB,97,NO RESPONSE
AHTELBSB,99,NOT APPLICABLE
AHTELCRH,0,NO
AHTELCRH,1,YES
AHTELCRH,97,NO RESPONSE
AHTELCRH,99,NOT APPLICABLE
AHTELCHP,0,NO
AHTELCHP,1,YES
AHTELCHP,97,NO RESPONSE
AHTELCHP,99,NOT APPLICABLE
AHTELWHP,0,NO
AHTELWHP,1,YES
AHTELWHP,97,NO RESPONSE
AHTELWHP,99,NOT APPLICABLE
AHTELPOR,0,NO
AHTELPOR,1,YES
AHTELPOR,97,NO RESPONSE
AHTELPOR,99,NOT APPLICABLE
AHTELOTH,0,NO
AHTELOTH,1,YES
AHTELOTH,97,NO RESPONSE
AHTELOTH,99,NOT APPLICABLE
AHTBGCNT,0,NO
AHTBGCNT,1,YES
AHTBGCNT,97,NO RESPONSE
AHTBGCNT,99,NOT APPLICABLE
AHTBGFWL,0,NO
AHTBGFWL,1,YES
AHTBGFWL,97,NO RESPONSE
AHTBGFWL,99,NOT APPLICABLE
AHTBGRAD,0,NO
AHTBGRAD,1,YES
AHTBGRAD,97,NO RESPONSE
AHTBGRAD,99,NOT APPLICABLE
AHTNGFP,0,NO
AHTNGFP,1,YES
AHTNGFP,97,NO RESPONSE
AHTNGFP,99,NOT APPLICABLE
AHTBGOTH,0,NO
AHTBGOTH,1,YES
AHTBGOTH,97,NO RESPONSE
AHTBGOTH,99,NOT APPLICABLE
AHTWDWS,0,NO
AHTWDWS,1,YES
AHTWDWS,97,NO RESPONSE
AHTWDWS,99,NOT APPLICABLE
AHTWDFP,0,NO
AHTWDFP,1,YES
AHTWDFP,97,NO RESPONSE
AHTWDFP,99,NOT APPLICABLE
AHTSLRN,0,NO
AHTSLRN,1,YES
AHTSLRN,97,NO RESPONSE
AHTSLRN,99,NOT APPLICABLE
AHTSLRG,0,NO
AHTSLRG,1,YES
AHTSLRG,97,NO RESPONSE
AHTSLRG,99,NOT APPLICABLE
AHTSLRP,0,NO
AHTSLRP,1,YES
AHTSLRP,97,NO RESPONSE
AHTSLRP,99,NOT APPLICABLE
AHTSLRE,0,NO
AHTSLRE,1,YES
AHTSLRE,97,NO RESPONSE
AHTSLRE,99,NOT APPLICABLE
AHTOTSYS,0,NO
AHTOTSYS,1,YES
AHTOTSYS,97,NO RESPONSE
AHTOTSYS,99,NOT APPLICABLE
MAINPILT,1,"YES, PILOT LIGHT ON ALL YEAR"
MAINPILT,2,"YES, PILOT LIGHT ON IN WINTER ONLY"
MAINPILT,3,NO PILOT LIGHT
MAINPILT,97,NO RESPONSE
MAINPILT,99,NOT APPLICABLE
SECPILT,1,"YES, PILOT LIGHT ON ALL YEAR"
SECPILT,2,"YES, PILOT LIGHT ON IN WINTER"
SECPILT,3,NO PILOT LIGHT
SECPILT,97,NO RESPONSE
SECPILT,99,NOT APPLICABLE
HTSYSAGE,1,LESS THAN 1 YR OLD
HTSYSAGE,2,1-3 YRS OLD
HTSYSAGE,3,4-8 YRS OLD
HTSYSAGE,4,9-13 YRS OLD
HTSYSAGE,5,14-30 YRS OLD
HTSYSAGE,6,OVER 30 YRS OLD
HTSYSAGE,97,NO RESPONSE
HTSYSAGE,99,NOT APPLICABLE
HTCTLTYP,1,SMART
HTCTLTYP,2,PROGRAMMABLE
HTCTLTYP,3,NON-PROGRAMMABLE 
HTCTLTYP,4,NONE
HTCTLTYP,97,NO RESPONSE
HTCTLTYP,99,NOT APPLICABLE
HMRNSET,1,OFF
HMRNSET,2,BELOW 55 F
HMRNSET,3,55-60 F
HMRNSET,4,61-65 F
HMRNSET,5,66-70 F
HMRNSET,6,71-75 F
HMRNSET,7,OVER 75 F
HMRNSET,97,NO RESPONSE
HMRNSET,99,NOT APPLICABLE
HDAYSET,1,OFF
HDAYSET,2,BELOW 55 F
HDAYSET,3,55-60 F
HDAYSET,4,61-65 F
HDAYSET,5,66-70 F
HDAYSET,6,71-75 F
HDAYSET,7,OVER 75 F
HDAYSET,97,NO RESPONSE
HDAYSET,99,NOT APPLICABLE
HEVNSET,1,OFF
HEVNSET,2,BELOW 55 F
HEVNSET,3,55-60 F
HEVNSET,4,61-65 F
HEVNSET,5,66-70 F
HEVNSET,6,71-75 F
HEVNSET,7,OVER 75 F
HEVNSET,97,NO RESPONSE
HEVNSET,99,NOT APPLICABLE
HNITESET,1,OFF
HNITESET,2,BELOW 55 F
HNITESET,3,55-60 F
HNITESET,4,61-65 F
HNITESET,5,66-70 F
HNITESET,6,71-75 F
HNITESET,7,OVER 75 F
HNITESET,97,NO RESPONSE
HNITESET,99,NOT APPLICABLE
HTMAINTN,1,YES
HTMAINTN,2,NO
HTMAINTN,97,NO RESPONSE
HTMAINTN,99,NOT APPLICABLE
NPORHTRS,0,DONT USE PORT HTS
NPORHTRS,1,1 PORT HT
NPORHTRS,2,2 PORT HT
NPORHTRS,3,3 + PORT HT
NPORHTRS,97,NO RESPONSE
USEADDHT,1,NO ADD HEAT
USEADDHT,2,RARELY
USEADDHT,3,SOMETIMES
USEADDHT,4,OFTEN
USEADDHT,5,ALWAYS
USEADDHT,97,NO RESPONSE
phtcnt,0,0
phtcnt,1,1
havesec,0,NO
havesec,1,YES
havesec,97,NO RESPONSE
havesec,99,NOT APPLICABLE
ahtcnt,0,0
ahtcnt,1,1
ahtcnt,2,2
ahtcnt,3,3
ahtcnt,4,4
ahtcnt,5,5
ahtcnt,6,6
ahtcnt,7,7
ahtcnt,8,8
ahtcnt,9,9
ahtcnt,10,10
ahtcnt,11,11
ahtcnt,12,12
ahtcnt,13,13
ahtcnt,14,14
htng,0,NO
htng,1,YES
htng,97,NO RESPONSE
htng,99,NOT APPLICABLE
phtng,0,NO
phtng,1,YES
ahtng,0,NO
ahtng,1,YES
htelec,0,NO
htelec,1,YES
htelec,97,NO RESPONSE
htelec,99,NOT APPLICABLE
phtelec,0,NO
phtelec,1,YES
ahtelec,0,NO
ahtelec,1,YES
htbg,0,NO
htbg,1,YES
htbg,97,NO RESPONSE
htbg,99,NOT APPLICABLE
phtbg,0,NO
phtbg,1,YES
ahtbg,0,NO
ahtbg,1,YES
htwdfp2,0,NO
htwdfp2,1,YES
htwdfp2,97,NO RESPONSE
htwdfp2,99,NOT APPLICABLE
phtwdfp2,0,NO
phtwdfp2,1,YES
ahtwdfp2,0,NO
ahtwdfp2,1,YES
htsolar,0,NO
htsolar,1,YES
htsolar,97,NO RESPONSE
htsolar,99,NOT APPLICABLE
phtsolar,0,NO
phtsolar,1,YES
ahtsolar,0,NO
ahtsolar,1,YES
htother,0,NO
htother,1,YES
htother,97,NO RESPONSE
htother,99,NOT APPLICABLE
phtother,0,NO
phtother,1,YES
ahtother,0,NO
ahtother,1,YES
htelwhp,0,0
htelwhp,1,1
htelwhp,99,NOT APPLICABLE
paycool2,0,DOES NOT PAY FOR CAC
paycool2,1,PAYS FOR CAC
paycool2,2,"NO, PART OF RENT"
paycool2,3,NO CENTRAL COOLING
paycool2,97,NO RESPONSE
cooling,1,CAC ONLY
cooling,2,CENTRAL EVAPORATIVE ONLY
cooling,3,RAC ONLY
cooling,4,MULTIPLE TYPES OF SYSTEMS
cooling,5,NO AC
cooling,6,NO RESPONSE
caccnt,0,NO CENTRAL COOLING
caccnt,1,1 TYPE OF CENTRAL COOLING
caccnt,2,2 TYPES OF CENTRAL COOLING
caccnt,3,3 TYPES OF CENTRAL COOLING
caccnt,4,4 TYPES OF CENTRAL COOLING
RACCNT,0,NO ROOM AIR CONDITIONERS
RACCNT,1,1 ROOM AIR CONDITIONER
RACCNT,2,2 ROOM AIR CONDITIONERS
RACCNT,3,3 ROOM AIR CONDITIONERS
PAYCOOL,1,YES
PAYCOOL,2,"NO, PART OF RENT"
PAYCOOL,3,NO CENTRAL COOLING
PAYCOOL,97,NO RESPONSE
CTLACAGE,0,NONE
CTLACAGE,1,ONE CENTRAL AIR
CTLACAGE,2,TWO CENTRAL AIR
CTLACAGE,3,THREE + CENTRAL AIR
CTLACAGE,97,NO RESPONSE
CTLACAGE,99,NOT APPLICABLE
CTEVZON,0,NO
CTEVZON,1,YES
CTEVZON,97,NO RESPONSE
CTEVZON,99,NOT APPLICABLE
CTEVPAGE,0,NONE
CTEVPAGE,1,ONE CENTRAL EVAP
CTEVPAGE,2,TWO CENTRAL EVAP
CTEVPAGE,3,THREE + CENTRAL EVAP
CTEVPAGE,97,NO RESPONSE
CTEVPAGE,99,NOT APPLICABLE
CTLACZON,0,NO
CTLACZON,1,YES
CTLACZON,97,NO RESPONSE
CTLACZON,99,NOT APPLICABLE
HPAGE,0,NONE
HPAGE,1,ONE HEAT PUMP
HPAGE,2,TWO HEAT PUMPS
HPAGE,3,THREE+  HEAT PUMPS
HPAGE,97,NO RESPONSE
HPAGE,99,NOT APPLICABLE
HPZON,0,NO
HPZON,1,YES
HPZON,97,NO RESPONSE
HPZON,99,NOT APPLICABLE
MSDNUM,0,NONE
MSDNUM,1,ONE MINI-SPLIT
MSDNUM,2,TWO MINI-SPLITS
MSDNUM,3,THREE+ MINI SPLITS
MSDNUM,97,NO RESPONSE
MSDNUM,99,NOT APPLICABLE
MSDZON,0,NO
MSDZON,1,YES
MSDZON,97,NO RESPONSE
MSDZON,99,NOT APPLICABLE
CLCNTAGE,1,LESS THAN ONE YEAR
CLCNTAGE,2,1-3 YRS
CLCNTAGE,3,4-8 YRS
CLCNTAGE,4,9-13 YRS
CLCNTAGE,5,14-30 YRS
CLCNTAGE,6,31 + YRS
CLCNTAGE,97,NO RESPONSE
CLCNTAGE,99,NOT APPLICABLE
CLCTLTYP,1,SMART
CLCTLTYP,2,PROGRAMMABLE
CLCTLTYP,3,NON-PROGRAMMABLE
CLCTLTYP,4,NONE
CLCTLTYP,97,NO RESPONSE
CLCTLTYP,99,NOT APPLICABLE
CMRNSET,1,OFF
CMRNSET,2,BELOW 68 F
CMRNSET,3,68 - 69 F
CMRNSET,4,70-73 F
CMRNSET,5,74-76 F
CMRNSET,6,77-80 F
CMRNSET,7,80 + F
CMRNSET,97,NO RESPONSE
CMRNSET,99,NOT APPLICABLE
CDAYSET,1,OFF
CDAYSET,2,BELOW 68 F
CDAYSET,3,68 - 69 F
CDAYSET,4,70-73 F
CDAYSET,5,74-76 F
CDAYSET,6,77-80 F
CDAYSET,7,80 + F
CDAYSET,97,NO RESPONSE
CDAYSET,99,NOT APPLICABLE
CEVNSET,1,OFF
CEVNSET,2,BELOW 68 F
CEVNSET,3,68 - 69 F
CEVNSET,4,70-73 F
CEVNSET,5,74-76 F
CEVNSET,6,77-80 F
CEVNSET,7,80 + F
CEVNSET,97,NO RESPONSE
CEVNSET,99,NOT APPLICABLE
CNITESET,1,OFF
CNITESET,2,BELOW 68 F
CNITESET,3,68 - 69 F
CNITESET,4,70-73 F
CNITESET,5,74-76 F
CNITESET,6,77-80 F
CNITESET,7,80 + F
CNITESET,97,NO RESPONSE
CNITESET,99,NOT APPLICABLE
CLMAINTN,1,YES
CLMAINTN,2,NO
CLMAINTN,97,NO RESPONSE
CLMAINTN,99,NOT APPLICABLE
NOROOMAC,0,HAVE ROOM AC
NOROOMAC,1,DO NOT HAVE ROOM AC
ACTYP1,1,WINDOW RAC
ACTYP1,2,HEAT PUMP RAC
ACTYP1,3,EVAP RAC
ACTYP1,97,NO RESPONSE
ACTYP1,99,NOT APPLICABLE
ACTYP2,1,WINDOW RAC
ACTYP2,2,HEAT PUMP RAC
ACTYP2,3,EVAP RAC
ACTYP2,97,NO RESPONSE
ACTYP2,99,NOT APPLICABLE
ACTYP3,1,WINDOW RAC
ACTYP3,2,HEAT PUMP RAC
ACTYP3,3,EVAP RAC
ACTYP3,97,NO RESPONSE
ACTYP3,99,NOT APPLICABLE
ACAGE1,1,LESS THAN ONE YR
ACAGE1,2,1-3 YRS
ACAGE1,3,4-8 YRS
ACAGE1,4,9-13 YRS
ACAGE1,5,13 + YRS
ACAGE1,97,NO RESPONSE
ACAGE1,99,NOT APPLICABLE
ACAGE2,1,LESS THAN ONE YR
ACAGE2,2,1-3 YRS
ACAGE2,3,4-8 YRS
ACAGE2,4,9-13 YRS
ACAGE2,5,13 + YRS
ACAGE2,97,NO RESPONSE
ACAGE2,99,NOT APPLICABLE
ACAGE3,1,LESS THAN ONE YR
ACAGE3,2,1-3 YRS
ACAGE3,3,4-8 YRS
ACAGE3,4,9-13 YRS
ACAGE3,5,13 + YRS
ACAGE3,97,NO RESPONSE
ACAGE3,99,NOT APPLICABLE
CMRNUSE,1,NEVER
CMRNUSE,2,RARELY
CMRNUSE,3,SOMETIMES
CMRNUSE,4,OFTEN
CMRNUSE,5,ALWAYS
CMRNUSE,97,NO RESPONSE
CMRNUSE,99,NOT APPLICABLE
CDAYUSE,1,NEVER
CDAYUSE,2,RARELY
CDAYUSE,3,SOMETIMES
CDAYUSE,4,OFTEN
CDAYUSE,5,ALWAYS
CDAYUSE,97,NO RESPONSE
CDAYUSE,99,NOT APPLICABLE
CEVNUSE,1,NEVER
CEVNUSE,2,RARELY
CEVNUSE,3,SOMETIMES
CEVNUSE,4,OFTEN
CEVNUSE,5,ALWAYS
CEVNUSE,97,NO RESPONSE
CEVNUSE,99,NOT APPLICABLE
CNITEUSE,1,NEVER
CNITEUSE,2,RARELY
CNITEUSE,3,SOMETIMES
CNITEUSE,4,OFTEN
CNITEUSE,5,ALWAYS
CNITEUSE,97,NO RESPONSE
CNITEUSE,99,NOT APPLICABLE
CHOTUSE,1,NEVER
CHOTUSE,2,RARELY
CHOTUSE,3,SOMETIMES
CHOTUSE,4,OFTEN
CHOTUSE,5,ALWAYS
CHOTUSE,97,NO RESPONSE
CHOTUSE,99,NOT APPLICABLE
paywh2,0,"MASTERMETER, WITH GAS WH"
paywh2,1,PAY WATERHEAT
paywh2,2,INCLUDED IN RENT
paywh2,3,NO WH SYSTEM
paywh2,97,NO RESPONSE
PWHFUEL3,1,NATURAL GAS
PWHFUEL3,2,ELECTRIC
PWHFUEL3,3,PROPANE
PWHFUEL3,4,SOLAR
PWHFUEL3,5,OTHER
PWHFUEL3,99,NOT APPLICABLE
PWHFUEL3,97,NO RESPONSE
PWHFUEL2,1,NATURAL GAS
PWHFUEL2,2,ELECTRIC
PWHFUEL2,3,PROPANE
PWHFUEL2,4,SOLAR
PWHFUEL2,5,OTHER
PWHFUEL2,97,NO RESPONSE
PWHFUEL2,99,NOT APPLICABLE
PAYWH,1,YES
PAYWH,2,"NO, PART OF RENT"
PAYWH,3,NO HOT WATER SYSTEM
PAYWH,97,NO RESPONSE
PWHNGTNK,0,NO
PWHNGTNK,1,YES
PWHNGTNK,97,NO RESPONSE
PWHNGTNK,99,NOT APPLICABLE
PWHNGWHT,0,NO
PWHNGWHT,1,YES
PWHNGWHT,97,NO RESPONSE
PWHNGWHT,99,NOT APPLICABLE
PWHNGHEC,0,NO
PWHNGHEC,1,YES
PWHNGHEC,97,NO RESPONSE
PWHNGHEC,99,NOT APPLICABLE
PWHELTNK,0,NO
PWHELTNK,1,YES
PWHELTNK,97,NO RESPONSE
PWHELTNK,99,NOT APPLICABLE
PWHELHP,0,NO
PWHELHP,1,YES
PWHELHP,97,NO RESPONSE
PWHELHP,99,NOT APPLICABLE
PWHELWHT,0,NO
PWHELWHT,1,YES
PWHELWHT,97,NO RESPONSE
PWHELWHT,99,NOT APPLICABLE
PWHELPNT,0,NO
PWHELPNT,1,YES
PWHELPNT,97,NO RESPONSE
PWHELPNT,99,NOT APPLICABLE
PWHLPTNK,0,NO
PWHLPTNK,1,YES
PWHLPTNK,97,NO RESPONSE
PWHLPTNK,99,NOT APPLICABLE
PWHLPWHT,0,NO
PWHLPWHT,1,YES
PWHLPWHT,97,NO RESPONSE
PWHLPWHT,99,NOT APPLICABLE
PWHSLRN,0,NO
PWHSLRN,1,YES
PWHSLRN,97,NO RESPONSE
PWHSLRN,99,NOT APPLICABLE
PWHSLRG,0,NO
PWHSLRG,1,YES
PWHSLRG,97,NO RESPONSE
PWHSLRG,99,NOT APPLICABLE
PWHSLRP,0,NO
PWHSLRP,1,YES
PWHSLRP,97,NO RESPONSE
PWHSLRP,99,NOT APPLICABLE
PWHSLRE,0,NO
PWHSLRE,1,YES
PWHSLRE,97,NO RESPONSE
PWHSLRE,99,NOT APPLICABLE
PWHOTSYS,0,NO
PWHOTSYS,1,YES
PWHOTSYS,97,NO RESPONSE
PWHOTSYS,99,NOT APPLICABLE
AWHNGTNK,0,NO
AWHNGTNK,1,YES
AWHNGTNK,97,NO RESPONSE
AWHNGTNK,99,NOT APPLICABLE
AWHNGWHT,0,NO
AWHNGWHT,1,YES
AWHNGWHT,97,NO RESPONSE
AWHNGWHT,99,NOT APPLICABLE
AWHNGHEC,0,NO
AWHNGHEC,1,YES
AWHNGHEC,97,NO RESPONSE
AWHNGHEC,99,NOT APPLICABLE
AWHELTNK,0,NO
AWHELTNK,1,YES
AWHELTNK,97,NO RESPONSE
AWHELTNK,99,NOT APPLICABLE
AWHELHP,0,NO
AWHELHP,1,YES
AWHELHP,97,NO RESPONSE
AWHELHP,99,NOT APPLICABLE
AWHELWHT,0,NO
AWHELWHT,1,YES
AWHELWHT,97,NO RESPONSE
AWHELWHT,99,NOT APPLICABLE
AWHELPNT,0,NO
AWHELPNT,1,YES
AWHELPNT,97,NO RESPONSE
AWHELPNT,99,NOT APPLICABLE
AWHLPTNK,0,NO
AWHLPTNK,1,YES
AWHLPTNK,97,NO RESPONSE
AWHLPTNK,99,NOT APPLICABLE
AWHLPWHT,0,NO
AWHLPWHT,1,YES
AWHLPWHT,97,NO RESPONSE
AWHLPWHT,99,NOT APPLICABLE
AWHSLRN,0,NO
AWHSLRN,1,YES
AWHSLRN,97,NO RESPONSE
AWHSLRN,99,NOT APPLICABLE
AWHSLRG,0,NO
AWHSLRG,1,YES
AWHSLRG,97,NO RESPONSE
AWHSLRG,99,NOT APPLICABLE
AWHSLRP,0,NO
AWHSLRP,1,YES
AWHSLRP,97,NO RESPONSE
AWHSLRP,99,NOT APPLICABLE
AWHSLRE,0,NO
AWHSLRE,1,YES
AWHSLRE,97,NO RESPONSE
AWHSLRE,99,NOT APPLICABLE
AWHOTSYS,0,NO
AWHOTSYS,1,YES
AWHOTSYS,97,NO RESPONSE
AWHOTSYS,99,NOT APPLICABLE
WHTEMP,1,LOW
WHTEMP,2,MEDIUM
WHTEMP,3,HIGH
WHTEMP,97,NO RESPONSE
WHTEMP,99,NOT APPLICABLE
PRWHAGE,1,LESS THAN ONE YR
PRWHAGE,2,1-3 YRS
PRWHAGE,3,4-8 YRS
PRWHAGE,4,9-13 YRS
PRWHAGE,5,14-30 YRS
PRWHAGE,6,31 + YRS
PRWHAGE,97,NO RESPONSE
PRWHAGE,99,NOT APPLICABLE
SHWRDAY,0,NONE
SHWRDAY,1,ONE
SHWRDAY,2,TWO
SHWRDAY,3,THREE
SHWRDAY,4,FOUR
SHWRDAY,5,FIVE
SHWRDAY,6,SIX
SHWRDAY,7,SEVEN
SHWRDAY,8,EIGHT
SHWRDAY,9,NINE
SHWRDAY,10,TEN OR MORE
SHWRDAY,97,NO RESPONSE
BATHSDAY,0,NONE
BATHSDAY,1,ONE
BATHSDAY,2,TWO
BATHSDAY,3,THREE
BATHSDAY,4,FOUR
BATHSDAY,5,FIVE
BATHSDAY,6,SIX
BATHSDAY,7,SEVEN
BATHSDAY,8,EIGHT
BATHSDAY,9,NINE
BATHSDAY,10,TEN OR MORE
BATHSDAY,97,NO RESPONSE
SHOWERHD,1,YES ALL SHOWERS
SHOWERHD,2,"YES, SOME"
SHOWERHD,3,NO
SHOWERHD,97,NO RESPONSE
AERATORS,1,YES ALL FAUCETS
AERATORS,2,"YES, SOME"
AERATORS,3,NO
AERATORS,97,NO RESPONSE
whng,0,NO
whng,1,YES
whelec,0,NO
whelec,1,YES
whbg,0,NO
whbg,1,YES
whsl,0,NO
whsl,1,YES
whoth,0,NO
whoth,1,YES
whngtnk,0,NO
whngtnk,1,YES
whngtnk,97,NO RESPONSE
whngtnk,99,NOT APPLICABLE
whngwht,0,NO
whngwht,1,YES
whngwht,97,NO RESPONSE
whngwht,99,NOT APPLICABLE
wheltnk,0,NO
wheltnk,1,YES
wheltnk,97,NO RESPONSE
wheltnk,99,NOT APPLICABLE
whelhp,0,NO
whelhp,1,YES
whelhp,97,NO RESPONSE
whelhp,99,NOT APPLICABLE
whelwht,0,NO
whelwht,1,YES
whelwht,97,NO RESPONSE
whelwht,99,NOT APPLICABLE
whelpnt,0,NO
whelpnt,1,YES
whelpnt,97,NO RESPONSE
whelpnt,99,NOT APPLICABLE
whlptnk,0,NO
whlptnk,1,YES
whlptnk,97,NO RESPONSE
whlptnk,99,NOT APPLICABLE
whlpwht,0,NO
whlpwht,1,YES
whlpwht,97,NO RESPONSE
whlpwht,99,NOT APPLICABLE
whslrn,0,NO
whslrn,1,YES
whslrn,97,NO RESPONSE
whslrn,99,NOT APPLICABLE
whslrg,0,NO
whslrg,1,YES
whslrg,97,NO RESPONSE
whslrg,99,NOT APPLICABLE
whslrp,0,NO
whslrp,1,YES
whslrp,97,NO RESPONSE
whslrp,99,NOT APPLICABLE
whslre,0,NO
whslre,1,YES
whslre,97,NO RESPONSE
whslre,99,NOT APPLICABLE
whotsys,0,NO
whotsys,1,YES
whotsys,97,NO RESPONSE
whotsys,99,NOT APPLICABLE
gdry,0,NO
gdry,1,YES
edry,0,NO
edry,1,YES
numwash,0,0
numwash,1,1
numwash,2,2
numwash,3,3
numwash,4,4
numwash,5,5
numwash,6,6
numwash,7,7
numwash,8,8
numwash,9,9
numwash,10,10
numwash,11,11
numwash,12,12
numwash,13,13
numwash,14,14
numwash,15,15
numwash,16,16
numwash,17,17
numwash,18,18
numwash,19,19
numwash,20,20
numwash,21,21
numwash,22,22
numwash,23,23
numwash,24,24
numwash,25,25
numwash,27,27
numwash,28,28
numwash,29,29
numwash,30,30
numwash,97,NO RESPONSE
numwash,99,NOT APPLICABLE
LNDRYEQP,1,YES
LNDRYEQP,2,"NO, IN COMMON"
LNDRYEQP,3,"NO, DO NOT USE"
LNDRYEQP,97,NO RESPONSE
CWTYP,1,TOP LOAD
CWTYP,2,FRONT LOAD
CWTYP,97,NO RESPONSE
CWTYP,99,NOT APPLICABLE
CWAGE,1,LESS THAN ONE YR
CWAGE,2,1-5 YRS
CWAGE,3,6-8 YRS
CWAGE,4,9-15 YRS
CWAGE,5,16-30 YRS
CWAGE,6,30 + YRS
CWAGE,97,NO RESPONSE
CWAGE,99,NOT APPLICABLE
CWHWLD,0,NONE
CWHWLD,1,1 PER WEEK
CWHWLD,2,2 PER WEEK
CWHWLD,3,3 PER WEEK
CWHWLD,4,4 PER WEEK
CWHWLD,5,5 PER WEEK
CWHWLD,6,6 PER WEEK
CWHWLD,7,7 PER WEEK
CWHWLD,8,8 PER WEEK
CWHWLD,9,9 PER WEEK
CWHWLD,10,10 + PER WEEK
CWHWLD,97,NO RESPONSE
CWHWLD,99,NOT APPLICABLE
CWWWLD,0,NONE
CWWWLD,1,1 PER WEEK
CWWWLD,2,2 PER WEEK
CWWWLD,3,3 PER WEEK
CWWWLD,4,4 PER WEEK
CWWWLD,5,5 PER WEEK
CWWWLD,6,6 PER WEEK
CWWWLD,7,7 PER WEEK
CWWWLD,8,8 PER WEEK
CWWWLD,9,9 PER WEEK
CWWWLD,10,10 + PER WEEK
CWWWLD,97,NO RESPONSE
CWWWLD,99,NOT APPLICABLE
CWCWLD,0,NONE
CWCWLD,1,1 PER WEEK
CWCWLD,2,2 PER WEEK
CWCWLD,3,3 PER WEEK
CWCWLD,4,4 PER WEEK
CWCWLD,5,5 PER WEEK
CWCWLD,6,6 PER WEEK
CWCWLD,7,7 PER WEEK
CWCWLD,8,8 PER WEEK
CWCWLD,9,9 PER WEEK
CWCWLD,10,10 + PER WEEK
CWCWLD,97,NO RESPONSE
CWCWLD,99,NOT APPLICABLE
CDTYP,1,NO DRYER
CDTYP,2,NATURAL GAS DRYER
CDTYP,3,ELECTRIC DRYER
CDTYP,4,BOTTLED GAS DRYER
CDTYP,97,NO RESPONSE
CDTYP,99,NOT APPLICABLE
CDAGE,1,LESS THAN ONE YEAR
CDAGE,2,1 – 5 YRS
CDAGE,3,6 – 8 YRS 
CDAGE,4,9 – 15 YRS
CDAGE,5,16 – 30 YRS
CDAGE,6,30 + YRS
CDAGE,97,NO RESPONSE
CDAGE,99,NOT APPLICABLE
DRYLDS,0,NONE
DRYLDS,1,1 PER WEEK
DRYLDS,2,2 PER WEEK
DRYLDS,3,3 PER WEEK
DRYLDS,4,4 PER WEEK
DRYLDS,5,5 PER WEEK
DRYLDS,6,6 PER WEEK
DRYLDS,7,7 PER WEEK
DRYLDS,8,8 PER WEEK
DRYLDS,9,9 PER WEEK
DRYLDS,10,10 + PER WEEK
DRYLDS,97,NO RESPONSE
DRYLDS,99,NOT APPLICABLE
DRYLDSH,0,NONE
DRYLDSH,1,1 PER WEEK
DRYLDSH,2,2 PER WEEK
DRYLDSH,3,3 PER WEEK
DRYLDSH,4,4 PER WEEK
DRYLDSH,5,5 PER WEEK
DRYLDSH,6,6 PER WEEK
DRYLDSH,7,7 PER WEEK
DRYLDSH,8,8 PER WEEK
DRYLDSH,9,9 PER WEEK
DRYLDSH,10,10 + PER WEEK
DRYLDSH,97,NO RESPONSE
DRYLDSH,99,NOT APPLICABLE
DRYLDSM,0,NONE
DRYLDSM,1,1 PER WEEK
DRYLDSM,2,2 PER WEEK
DRYLDSM,3,3 PER WEEK
DRYLDSM,4,4 PER WEEK
DRYLDSM,5,5 PER WEEK
DRYLDSM,6,6 PER WEEK
DRYLDSM,7,7 PER WEEK
DRYLDSM,8,8 PER WEEK
DRYLDSM,9,9 PER WEEK
DRYLDSM,10,10 + PER WEEK
DRYLDSM,97,NO RESPONSE
DRYLDSM,99,NOT APPLICABLE
DRYLDSL,0,NONE
DRYLDSL,1,1 PER WEEK
DRYLDSL,2,2 PER WEEK
DRYLDSL,3,3 PER WEEK
DRYLDSL,4,4 PER WEEK
DRYLDSL,5,5 PER WEEK
DRYLDSL,6,6 PER WEEK
DRYLDSL,7,7 PER WEEK
DRYLDSL,8,8 PER WEEK
DRYLDSL,9,9 PER WEEK
DRYLDSL,10,10 + PER WEEK
DRYLDSL,97,NO RESPONSE
DRYLDSL,99,NOT APPLICABLE
CKRNTYP,1,NATURAL GAS
CKRNTYP,2,ELECTRIC
CKRNTYP,3,BOTTLED GAS
CKRNTYP,4,OTHER
CKRNTYP,97,NO RESPONSE
CKRNA,1,0-5 YRS
CKRNA,2,6-10 YRS
CKRNA,3,11-15 YRS
CKRNA,4,16+ YRS
CKRNA,97,NO RESPONSE
CKOVTYP,1,NATURAL GAS
CKOVTYP,2,ELECTRIC
CKOVTYP,3,BOTTLED GAS
CKOVTYP,4,OTHER
CKOVTYP,97,NO RESPONSE
CKOVA,1,0-5 YRS
CKOVA,2,6-10 YRS
CKOVA,3,11-15 YRS
CKOVA,4,16+ YRS
CKOVA,97,NO RESPONSE
CKOOVTYP,1,NATURAL GAS
CKOOVTYP,2,ELECTRIC
CKOOVTYP,3,BOTTLED GAS
CKOOVTYP,4,OTHER
CKOOVTYP,97,NO RESPONSE
CKOOVA,1,0 - 5 YRS
CKOOVA,2,6 - 10 YRS
CKOOVA,3,11 - 15 YRS
CKOOVA,4,16+ YRS
CKOOVA,97,NO RESPONSE
CKBBTYP,1,NATURAL GAS
CKBBTYP,2,ELECTRIC
CKBBTYP,3,BOTTLED GAS
CKBBTYP,4,OTHER
CKBBTYP,97,NO RESPONSE
CKBBQA,1,0-5 YRS
CKBBQA,2,6-10 YRS
CKBBQA,3,11-15 YRS
CKBBQA,4,16+ YRS
CKBBQA,97,NO RESPONSE
CKMW,1,Electric
CKMW,97,NO RESPONSE
CKMWA,1,0-5 YRS
CKMWA,2,6-10 YRS
CKMWA,3,11-15 YRS
CKMWA,4,16+ YRS
CKMWA,97,NO RESPONSE
CKMWA,99,NOT APPLICABLE
WRNUSE,1,NEVER
WRNUSE,2,RARELY
WRNUSE,3,OCCASIONALLY
WRNUSE,4,SOMETIMES
WRNUSE,5,OFTEN
WRNUSE,97,NO RESPONSE
WRNUSE,99,NOT APPLICABLE
WOVUSE,1,NEVER
WOVUSE,2,RARELY
WOVUSE,3,OCCASIONALLY
WOVUSE,4,SOMETIMES
WOVUSE,5,OFTEN
WOVUSE,97,NO RESPONSE
WOVUSE,99,NOT APPLICABLE
WMWUSE,1,NEVER
WMWUSE,2,RARELY
WMWUSE,3,OCCASIONALLY
WMWUSE,4,SOMETIMES
WMWUSE,5,OFTEN
WMWUSE,97,NO RESPONSE
WMWUSE,99,NOT APPLICABLE
WOTHUSE,1,NEVER
WOTHUSE,2,RARELY
WOTHUSE,3,OCCASIONALLY
WOTHUSE,4,SOMETIMES
WOTHUSE,5,OFTEN
WOTHUSE,97,NO RESPONSE
WOTHUSE,99,NOT APPLICABLE
DISHWASH,1,YES
DISHWASH,2,NO
DISHWASH,97,NO RESPONSE
DWAGE,1,LESS THAN ONE YEAR
DWAGE,2,1 – 5 YRS
DWAGE,3,6 – 8 YRS 
DWAGE,4,9 – 15 YRS
DWAGE,5,16 – 30 YRS
DWAGE,6,30 + YRS
DWAGE,97,NO RESPONSE
DWLOADS,0,NONE
DWLOADS,1,1 PER WEEK
DWLOADS,2,2 PER WEEK
DWLOADS,3,3 PER WEEK
DWLOADS,4,4 PER WEEK
DWLOADS,5,5 PER WEEK
DWLOADS,6,6 PER WEEK
DWLOADS,7,7 PER WEEK
DWLOADS,8,8 PER WEEK
DWLOADS,9,9 + PER WEEK
DWLOADS,97,NO RESPONSE
DWLOADS,99,NOT APPLICABLE
RFNUM,0,ZERO REF
RFNUM,1,ONE REF
RFNUM,2,TWO REF
RFNUM,3,THREE + REF
RFNUM,97,NO RESPONSE
RF1STY,1,SINGLE DOOR
RF1STY,2,TOP FREEZ BOTTOM FRIG
RF1STY,3,TOP FRIG BOTTOM FREEZ
RF1STY,4,SIDE BY SIDE
RF1STY,97,NO RESPONSE
RF1STY,99,NOT APPLICABLE
RF2STY,1,SINGLE DOOR
RF2STY,2,TOP FREEZ BOTTOM FRIG
RF2STY,3,TOP FRIG BOTTOM FREEZ
RF2STY,4,SIDE BY SIDE
RF2STY,97,NO RESPONSE
RF2STY,99,NOT APPLICABLE
RF3STY,1,SINGLE DOOR
RF3STY,2,TOP FREEZ BOTTOM FRIG
RF3STY,3,TOP FRIG BOTTOM FREEZ
RF3STY,4,SIDE BY SIDE
RF3STY,97,NO RESPONSE
RF3STY,99,NOT APPLICABLE
RF1SZ,1,MINI
RF1SZ,2,SMALL
RF1SZ,3,MEDIUM
RF1SZ,4,LARGE
RF1SZ,5,VERY LARGE
RF1SZ,97,NO RESPONSE
RF1SZ,99,NOT APPLICABLE
RF2SZ,1,MINI
RF2SZ,2,SMALL
RF2SZ,3,MEDIUM
RF2SZ,4,LARGE
RF2SZ,5,VERY LARGE
RF2SZ,97,NO RESPONSE
RF2SZ,99,NOT APPLICABLE
RF3SZ,1,MINI
RF3SZ,2,SMALL
RF3SZ,3,MEDIUM
RF3SZ,4,LARGE
RF3SZ,5,VERY LARGE
RF3SZ,97,NO RESPONSE
RF3SZ,99,NOT APPLICABLE
RF1AGE,1,LESS THAN 2 YRS
RF1AGE,2,2-7 YRS
RF1AGE,3,8-10 YRS
RF1AGE,4,11-20 YRS
RF1AGE,5,21+ YRS
RF1AGE,97,NO RESPONSE
RF1AGE,99,NOT APPLICABLE
RF2AGE,1,LESS THAN 2 YRS
RF2AGE,2,2-7 YRS
RF2AGE,3,8-10 YRS
RF2AGE,4,11-20 YRS
RF2AGE,5,21+ YRS
RF2AGE,97,NO RESPONSE
RF2AGE,99,NOT APPLICABLE
RF3AGE,1,LESS THAN 2 YRS
RF3AGE,2,2-7 YRS
RF3AGE,3,8-10 YRS
RF3AGE,4,11-20 YRS
RF3AGE,5,21+ YRS
RF3AGE,97,NO RESPONSE
RF3AGE,99,NOT APPLICABLE
RF1OTH,0,NONE
RF1OTH,1,THROUGH DOOR ICE
RF1OTH,97,NO RESPONSE
RF1OTH,99,NOT APPLICABLE
RF2OTH,0,NONE
RF2OTH,1,THROUGH DOOR ICE
RF2OTH,97,NO RESPONSE
RF2OTH,99,NOT APPLICABLE
RF3OTH,0,NONE
RF3OTH,1,THROUGH DOOR ICE
RF3OTH,97,NO RESPONSE
RF3OTH,99,NOT APPLICABLE
rfdiscrd,0,NO
rfdiscrd,1,YES
FZNUM,0,NONE
FZNUM,1,ONE FREEZER
FZNUM,2,TWO + FREEZERS
FZNUM,97,NO RESPONSE
FZ1STY,1,"UPRIGHT, FROST FREE"
FZ1STY,2,"UPRIGHT, MANUAL DEFROST"
FZ1STY,3,"CHEST, FROST FREE"
FZ1STY,4,"CHEST, MANUAL DEFROST"
FZ1STY,97,NO RESPONSE
FZ1STY,99,NOT APPLICABLE
FZ1SZ,1,SMALL
FZ1SZ,2,MEDIUM
FZ1SZ,3,LARGE
FZ1SZ,97,NO RESPONSE
FZ1SZ,99,NOT APPLICABLE
FZ1AGE,1,LESS THAN 2 YRS
FZ1AGE,2,2-7 YRS
FZ1AGE,3,8-10 YRS
FZ1AGE,4,11-20 YRS
FZ1AGE,5,21 + YRS
FZ1AGE,97,NO RESPONSE
FZ1AGE,99,NOT APPLICABLE
FZ2STY,1,"UPRIGHT, FROST FREE"
FZ2STY,2,"UPRIGHT, MANUAL DEFROST"
FZ2STY,3,"CHEST, FROST FREE"
FZ2STY,4,"CHEST, MANUAL DEFROST"
FZ2STY,97,NO RESPONSE
FZ2STY,99,NOT APPLICABLE
FZ2SZ,1,SMALL
FZ2SZ,2,MEDIUM
FZ2SZ,3,LARGE
FZ2SZ,97,NO RESPONSE
FZ2SZ,99,NOT APPLICABLE
FZ2AGE,1,LESS THAN 2 YRS
FZ2AGE,2,2-7 YRS
FZ2AGE,3,8-10 YRS
FZ2AGE,4,11-20 YRS
FZ2AGE,5,21 + YRS
FZ2AGE,97,NO RESPONSE
FZ2AGE,99,NOT APPLICABLE
fzdiscrd,0,NO
fzdiscrd,1,YES
SPTYP,1,"YES, PAY ENERGY"
SPTYP,2,"YES, COMMON AREA"
SPTYP,3,NO
SPTYP,97,NO RESPONSE
SPHTF,1,ELECTRICITY
SPHTF,2,NATURAL GAS
SPHTF,3,SOLAR + ELECTRICITY
SPHTF,4,SOLAR + NATURAL GAS
SPHTF,5,BOTTLED GAS
SPHTF,6,OTHER
SPHTF,97,NO RESPONSE
SPHTF,99,NOT APPLICABLE
SPSZ,1,SMALL
SPSZ,2,MEDIUM
SPSZ,3,LARGE
SPSZ,97,NO RESPONSE
SPSZ,99,NOT APPLICABLE
SPLOC,1,"OUT, IN GROUND"
SPLOC,2,"OUT, ABOVE GROUND"
SPLOC,3,INDOOR
SPLOC,97,NO RESPONSE
SPLOC,99,NOT APPLICABLE
SPCOV,1,YES
SPCOV,2,NO
SPCOV,97,NO RESPONSE
SPCOV,99,NOT APPLICABLE
SMRNFLTPMP,1,NEVER
SMRNFLTPMP,2,RARELY
SMRNFLTPMP,3,WHEN WE USE IT
SMRNFLTPMP,4,1-3 HRS PER DAY
SMRNFLTPMP,5,4-6 HRS PER DAY
SMRNFLTPMP,97,NO RESPONSE
SMRNFLTPMP,99,NOT APPLICABLE
SMDFLTPMP,1,NEVER
SMDFLTPMP,2,RARELY
SMDFLTPMP,3,WHEN WE USE IT
SMDFLTPMP,4,1-3 HRS PER DAY
SMDFLTPMP,5,4-6 HRS PER DAY
SMDFLTPMP,97,NO RESPONSE
SMDFLTPMP,99,NOT APPLICABLE
SNITFLTPMP,1,NEVER
SNITFLTPMP,2,RARELY
SNITFLTPMP,3,WHEN WE USE IT
SNITFLTPMP,4,1-3 HRS PER DAY
SNITFLTPMP,5,4-6 HRS PER DAY
SNITFLTPMP,97,NO RESPONSE
SNITFLTPMP,99,NOT APPLICABLE
WMRNFLTPMP,1,NEVER
WMRNFLTPMP,2,RARELY
WMRNFLTPMP,3,WHEN WE USE IT
WMRNFLTPMP,4,1-3 HRS PER DAY
WMRNFLTPMP,5,4-6 HRS PER DAY
WMRNFLTPMP,97,NO RESPONSE
WMRNFLTPMP,99,NOT APPLICABLE
WMDFLTPMP,1,NEVER
WMDFLTPMP,2,RARELY
WMDFLTPMP,3,WHEN WE USE IT
WMDFLTPMP,4,1-3 HRS PER DAY
WMDFLTPMP,5,4-6 HRS PER DAY
WMDFLTPMP,97,NO RESPONSE
WMDFLTPMP,99,NOT APPLICABLE
WNITFLTPMP,1,NEVER
WNITFLTPMP,2,RARELY
WNITFLTPMP,3,WHEN WE USE IT
WNITFLTPMP,4,1-3 HRS PER DAY
WNITFLTPMP,5,4-6 HRS PER DAY
WNITFLTPMP,97,NO RESPONSE
WNITFLTPMP,99,NOT APPLICABLE
SMRNHTSPA,1,NEVER
SMRNHTSPA,2,0-2 TIMES PER MON
SMRNHTSPA,3,3-8 TIMES PER MON
SMRNHTSPA,4,9+ PER MON
SMRNHTSPA,5,MAINTAIN SET TEMP
SMRNHTSPA,97,NO RESPONSE
SMRNHTSPA,99,NOT APPLICABLE
SMDHTSPA,1,NEVER
SMDHTSPA,2,0-2 TIMES PER MON
SMDHTSPA,3,3-8 TIMES PER MON
SMDHTSPA,4,9+ PER MON
SMDHTSPA,5,MAINTAIN SET TEMP
SMDHTSPA,97,NO RESPONSE
SMDHTSPA,99,NOT APPLICABLE
SNITHTSPA,1,NEVER
SNITHTSPA,2,0-2 TIMES PER MON
SNITHTSPA,3,3-8 TIMES PER MON
SNITHTSPA,4,9+ PER MON
SNITHTSPA,5,MAINTAIN SET TEMP
SNITHTSPA,97,NO RESPONSE
SNITHTSPA,99,NOT APPLICABLE
WMRNHTSPA,1,NEVER
WMRNHTSPA,2,0-2 TIMES PER MON
WMRNHTSPA,3,3-8 TIMES PER MON
WMRNHTSPA,4,9+ PER MON
WMRNHTSPA,5,MAINTAIN SET TEMP
WMRNHTSPA,97,NO RESPONSE
WMRNHTSPA,99,NOT APPLICABLE
WMDHTSPA,1,NEVER
WMDHTSPA,2,0-2 TIMES PER MON
WMDHTSPA,3,3-8 TIMES PER MON
WMDHTSPA,4,9+ PER MON
WMDHTSPA,5,MAINTAIN SET TEMP
WMDHTSPA,97,NO RESPONSE
WMDHTSPA,99,NOT APPLICABLE
WNITHTSPA,1,NEVER
WNITHTSPA,2,0-2 TIMES PER MON
WNITHTSPA,3,3-8 TIMES PER MON
WNITHTSPA,4,9+ PER MON
WNITHTSPA,5,MAINTAIN SET TEMP
WNITHTSPA,97,NO RESPONSE
WNITHTSPA,99,NOT APPLICABLE
PLTYP,1,"YES, PAY ENERGY"
PLTYP,2,"YES, COMMON AREA"
PLTYP,3,NO
PLTYP,97,NO RESPONSE
PLSZ,1,LESS THAN 20000 GAL
PLSZ,2,20-40000 GAL
PLSZ,3,40000 + GAL
PLSZ,97,NO RESPONSE
PLSZ,99,NOT APPLICABLE
SMRNFLTHR,1,NONE
SMRNFLTHR,2,1-2 HRS PER DAY
SMRNFLTHR,3,3-4 HRS PER DAY
SMRNFLTHR,97,NO RESPONSE
SMRNFLTHR,99,NOT APPLICABLE
SMDFLTHR,1,NONE
SMDFLTHR,2,1-2 HRS PER DAY
SMDFLTHR,3,3-4 HRS PER DAY
SMDFLTHR,4,5-7 HRS PER DAY
SMDFLTHR,5,8-12 HRS PER DAY
SMDFLTHR,97,NO RESPONSE
SMDFLTHR,99,NOT APPLICABLE
SNITFLTHR,1,NONE
SNITFLTHR,2,1-2 HRS PER DAY
SNITFLTHR,3,3-4 HRS PER DAY
SNITFLTHR,4,5-7 HRS PER DAY
SNITFLTHR,5,8-12 HRS PER DAY
SNITFLTHR,97,NO RESPONSE
SNITFLTHR,99,NOT APPLICABLE
WMRNFLTHR,1,NONE
WMRNFLTHR,2,1-2 HRS PER DAY
WMRNFLTHR,3,3-4 HRS PER DAY
WMRNFLTHR,97,NO RESPONSE
WMRNFLTHR,99,NOT APPLICABLE
WMDFLTHR,1,NONE
WMDFLTHR,2,1-2 HRS PER DAY
WMDFLTHR,3,3-4 HRS PER DAY
WMDFLTHR,4,5-7 HRS PER DAY
WMDFLTHR,5,8-12 HRS PER DAY
WMDFLTHR,97,NO RESPONSE
WMDFLTHR,99,NOT APPLICABLE
WNITFLTHR,1,NONE
WNITFLTHR,2,1-2 HRS PER DAY
WNITFLTHR,3,3-4 HRS PER DAY
WNITFLTHR,4,5-7 HRS PER DAY
WNITFLTHR,5,8-12 HRS PER DAY
WNITFLTHR,97,NO RESPONSE
WNITFLTHR,99,NOT APPLICABLE
PLHTF,1,POOL NOT HEATED
PLHTF,2,NATURAL GAS
PLHTF,3,ELECTRICITY
PLHTF,4,HEAT PUMP
PLHTF,5,SOLAR HEATER
PLHTF,6,BOTTLED GAS
PLHTF,7,OTHER
PLHTF,97,NO RESPONSE
PLHTF,99,NOT APPLICABLE
SMRNHTPL,1,NEVER
SMRNHTPL,2,ONCE A MONTH
SMRNHTPL,3,ONCE A WEEK
SMRNHTPL,4,2-4 TIMES A WEEK
SMRNHTPL,5,HEAT CONTINUOUSLY
SMRNHTPL,97,NO RESPONSE
SMRNHTPL,99,NOT APPLICABLE
SMDHTPL,1,NEVER
SMDHTPL,2,ONCE A MONTH
SMDHTPL,3,ONCE A WEEK
SMDHTPL,4,2-4 TIMES A WEEK
SMDHTPL,5,HEAT CONTINUOUSLY
SMDHTPL,97,NO RESPONSE
SMDHTPL,99,NOT APPLICABLE
SNITHTPL,1,NEVER
SNITHTPL,2,ONCE A MONTH
SNITHTPL,3,ONCE A WEEK
SNITHTPL,4,2-4 TIMES A WEEK
SNITHTPL,5,HEAT CONTINUOUSLY
SNITHTPL,97,NO RESPONSE
SNITHTPL,99,NOT APPLICABLE
WMRNHTPL,1,NEVER
WMRNHTPL,2,ONCE A MONTH
WMRNHTPL,3,ONCE A WEEK
WMRNHTPL,4,2-4 TIMES A WEEK
WMRNHTPL,5,HEAT CONTINUOUSLY
WMRNHTPL,97,NO RESPONSE
WMRNHTPL,99,NOT APPLICABLE
WMDHTPL,1,NEVER
WMDHTPL,2,ONCE A MONTH
WMDHTPL,3,ONCE A WEEK
WMDHTPL,4,2-4 TIMES A WEEK
WMDHTPL,5,HEAT CONTINUOUSLY
WMDHTPL,97,NO RESPONSE
WMDHTPL,99,NOT APPLICABLE
WNITHTPL,1,NEVER
WNITHTPL,2,ONCE A MONTH
WNITHTPL,3,ONCE A WEEK
WNITHTPL,4,2-4 TIMES A WEEK
WNITHTPL,5,HEAT CONTINUOUSLY
WNITHTPL,97,NO RESPONSE
WNITHTPL,99,NOT APPLICABLE
PMPTYP,1,SINGLE SPEED
PMPTYP,2,TWO SPEED
PMPTYP,3,VARIABLE SPEED
PMPTYP,4,NO FILTRATION PUMP 
PMPTYP,97,NO RESPONSE
PMPTYP,99,NOT APPLICABLE
PLCOV,0,NO
PLCOV,1,YES
PLCOV,97,NO RESPONSE
PLCOV,99,NOT APPLICABLE
PLTIMR,0,NO
PLTIMR,1,YES
PLTIMR,97,NO RESPONSE
PLTIMR,99,NOT APPLICABLE
PLSWEEP,0,NO
PLSWEEP,1,YES
PLSWEEP,97,NO RESPONSE
PLSWEEP,99,NOT APPLICABLE
PLVAC,0,NO
PLVAC,1,YES
PLVAC,97,NO RESPONSE
PLVAC,99,NOT APPLICABLE
PLINDOOR,0,NO
PLINDOOR,1,YES
PLINDOOR,97,NO RESPONSE
PLINDOOR,99,NOT APPLICABLE
tvcnt,0,0
tvcnt,1,1
tvcnt,2,2
tvcnt,3,3
tvcnt,4,4
tvcnt,5,5
tvcnt,6,6
tvcnt,7,7
tvcnt,8,8
tvcnt,9,9
tvcnt,10,10
tvcnt,11,11
tvcnt,12,12
tvcnt,13,13
tvcnt,14,14
tvcnt,15,15
tvcnt,16,16
tvcnt,20,20
tvcnt,21,21
SMLLEDTV,0,NONE
SMLLEDTV,1,ONE
SMLLEDTV,2,TWO
SMLLEDTV,3,THREE OR MORE
SMLLEDTV,97,NO RESPONSE
MEDLEDTV,0,NONE
MEDLEDTV,1,ONE
MEDLEDTV,2,TWO
MEDLEDTV,3,THREE OR MORE
MEDLEDTV,97,NO RESPONSE
LRGLEDTV,0,NONE
LRGLEDTV,1,ONE
LRGLEDTV,2,TWO
LRGLEDTV,3,THREE OR MORE
LRGLEDTV,97,NO RESPONSE
SMLLCDTV,0,NONE
SMLLCDTV,1,ONE
SMLLCDTV,2,TWO
SMLLCDTV,3,THREE OR MORE
SMLLCDTV,97,NO RESPONSE
SMLLCDTV,99,NOT APPLICABLE
MEDLCDTV,0,NONE
MEDLCDTV,1,ONE
MEDLCDTV,2,TWO
MEDLCDTV,3,THREE OR MORE
MEDLCDTV,97,NO RESPONSE
BIGLCDTV,0,NONE
BIGLCDTV,1,ONE
BIGLCDTV,2,TWO
BIGLCDTV,3,THREE OR MORE
BIGLCDTV,97,NO RESPONSE
PLSMTV,0,NONE
PLSMTV,1,ONE
PLSMTV,2,TWO
PLSMTV,3,THREE OR MORE
PLSMTV,97,NO RESPONSE
PLSMTV,99,NOT APPLICABLE
STDTV,0,NONE
STDTV,1,ONE
STDTV,2,TWO
STDTV,3,THREE OR MORE
STDTV,97,NO RESPONSE
STDTV,99,NOT APPLICABLE
DLPTV,0,NONE
DLPTV,1,ONE
DLPTV,2,TWO
DLPTV,3,THREE OR MORE
DLPTV,97,NO RESPONSE
DVRBOX,0,NONE
DVRBOX,1,ONE
DVRBOX,2,TWO
DVRBOX,3,THREE OR MORE
DVRBOX,97,NO RESPONSE
MOVPLA,0,NONE
MOVPLA,1,ONE
MOVPLA,2,TWO
MOVPLA,3,THREE OR MORE
MOVPLA,97,NO RESPONSE
GAMSYS,0,NONE
GAMSYS,1,ONE
GAMSYS,2,TWO
GAMSYS,3,THREE OR MORE
GAMSYS,97,NO RESPONSE
GAMSYS,99,NOT APPLICABLE
STREAM,0,NONE
STREAM,1,ONE
STREAM,2,TWO
STREAM,3,THREE OR MORE
STREAM,97,NO RESPONSE
HTSYS,0,NONE
HTSYS,1,ONE
HTSYS,2,TWO
HTSYS,3,THREE OR MORE
HTSYS,97,NO RESPONSE
SNDBAR,0,NONE
SNDBAR,1,ONE
SNDBAR,2,TWO
SNDBAR,3,THREE OR MORE
SNDBAR,97,NO RESPONSE
AUDTOTV,0,NONE
AUDTOTV,1,ONE
AUDTOTV,2,TWO
AUDTOTV,3,THREE OR MORE
AUDTOTV,97,NO RESPONSE
AUDTOTV,99,NOT APPLICABLE
SAMUSIC,0,NONE
SAMUSIC,1,ONE
SAMUSIC,2,TWO
SAMUSIC,3,THREE OR MORE
SAMUSIC,97,NO RESPONSE
SAMUSIC,99,NOT APPLICABLE
SMLTVUSE,1,LESS THAN 1 HR PER DAY
SMLTVUSE,2,1-8 HRS PER DAY
SMLTVUSE,3,9-16 HRS PER DAY
SMLTVUSE,4,17-24 HRS PER DAY
SMLTVUSE,5,25-30 HRS PER DAY
SMLTVUSE,6,31 + HRS PER DAY
SMLTVUSE,97,NO RESPONSE
SMLTVUSE,99,NOT APPLICABLE
MEDTVUSE,1,LESS THAN 1 HR PER DAY
MEDTVUSE,2,1-8 HRS PER DAY
MEDTVUSE,3,9-16 HRS PER DAY
MEDTVUSE,4,17-24 HRS PER DAY
MEDTVUSE,5,25-30 HRS PER DAY
MEDTVUSE,6,31 + HRS PER DAY
MEDTVUSE,97,NO RESPONSE
MEDTVUSE,99,NOT APPLICABLE
BIGTVUSE,1,LESS THAN 1 HR PER DAY
BIGTVUSE,2,1-8 HRS PER DAY
BIGTVUSE,3,9-16 HRS PER DAY
BIGTVUSE,4,17-24 HRS PER DAY
BIGTVUSE,5,25-30 HRS PER DAY
BIGTVUSE,6,31 + HRS PER DAY
BIGTVUSE,97,NO RESPONSE
BIGTVUSE,99,NOT APPLICABLE
LRGTVUSE,1,LESS THAN 1 HR PER DAY
LRGTVUSE,2,1-8 HRS PER DAY
LRGTVUSE,3,9-16 HRS PER DAY
LRGTVUSE,4,17-24 HRS PER DAY
LRGTVUSE,5,25-30 HRS PER DAY
LRGTVUSE,6,31 + HRS PER DAY
LRGTVUSE,97,NO RESPONSE
LRGTVUSE,99,NOT APPLICABLE
NDSKPCS,0,NONE
NDSKPCS,1,ONE
NDSKPCS,2,TWO
NDSKPCS,3,THREE OR MORE
NDSKPCS,97,NO RESPONSE
NDSKPCS,99,NOT APPLICABLE
NLAPPCS,0,NONE
NLAPPCS,1,ONE
NLAPPCS,2,TWO
NLAPPCS,3,THREE OR MORE
NLAPPCS,97,NO RESPONSE
NLAPPCS,99,NOT APPLICABLE
DSKPCHRS,1,LESS THAN 1 HR PER DAY
DSKPCHRS,2,1-8 HRS PER DAY
DSKPCHRS,3,9-16 HRS PER DAY
DSKPCHRS,4,17-24 HRS PER DAY
DSKPCHRS,5,25-30 HRS PER DAY
DSKPCHRS,6,31 + HRS PER DAY
DSKPCHRS,97,NO RESPONSE
DSKPCHRS,99,NOT APPLICABLE
LAPPCHRS,1,LESS THAN 1 HR PER DAY
LAPPCHRS,2,1-8 HRS PER DAY
LAPPCHRS,3,9-16 HRS PER DAY
LAPPCHRS,4,17-24 HRS PER DAY
LAPPCHRS,5,25-30 HRS PER DAY
LAPPCHRS,6,31 + HRS PER DAY
LAPPCHRS,97,NO RESPONSE
LAPPCHRS,99,NOT APPLICABLE
WORKHOME,1,NO
WORKHOME,2,YES
WORKHOME,97,NO RESPONSE
WKHRSHM,1,0-10 HRS PER WEEK
WKHRSHM,2,11-30 HRS PER WEEK
WKHRSHM,3,31+ HRS PER WEEK
WKHRSHM,97,NO RESPONSE
WKHRSHM,99,NOT APPLICABLE
PRNTSCAN,0,NONE
PRNTSCAN,1,ONE
PRNTSCAN,2,TWO
PRNTSCAN,3,THREE OR MORE
PRNTSCAN,97,NO RESPONSE
TABLET,0,NONE
TABLET,1,ONE
TABLET,2,TWO 
TABLET,3,THREE OR MORE
TABLET,97,NO RESPONSE
HUBS,0,NONE
HUBS,1,ONE
HUBS,2,TWO
HUBS,3,THREE OR MORE
HUBS,97,NO RESPONSE
SMRTDEV,0,NONE
SMRTDEV,1,ONE 
SMRTDEV,2,TWO 
SMRTDEV,3,THREE OR MORE
SMRTDEV,97,NO RESPONSE
SMACELL,0,NONE
SMACELL,1,ONE
SMACELL,2,TWO
SMACELL,3,THREE OR MORE
SMACELL,97,NO RESPONSE
OTHCELL,0,NONE
OTHCELL,1,ONE
OTHCELL,2,TWO 
OTHCELL,3,THREE OR MORE
OTHCELL,97,NO RESPONSE
HSMODINT,0,NONE
HSMODINT,1,ONE
HSMODINT,2,TWO
HSMODINT,3,THREE OR MORE
HSMODINT,97,NO RESPONSE
HSMODINT,99,NOT APPLICABLE
HMNET,0,NONE
HMNET,1,ONE
HMNET,2,TWO
HMNET,3,THREE OR MORE
HMNET,97,NO RESPONSE
HMNET,99,NOT APPLICABLE
UNPWRSUP,0,NONE
UNPWRSUP,1,ONE
UNPWRSUP,2,TWO
UNPWRSUP,3,THREE OR MORE
UNPWRSUP,97,NO RESPONSE
UNPWRSUP,99,NOT APPLICABLE
CELL,0,NONE
CELL,1,ONE
CELL,2,TWO
CELL,3,THREE OR MORE
CELL,97,NO RESPONSE
INCPORT,0,NONE
INCPORT,1,SOME
INCPORT,2,ABOUT HALF
INCPORT,3,MOST
INCPORT,4,ALL 
INCPORT,97,NO RESPONSE
CFLPORT,0,NONE
CFLPORT,1,SOME
CFLPORT,2,ABOUT HALF
CFLPORT,3,MOST
CFLPORT,4,ALL 
CFLPORT,97,NO RESPONSE
LEDPORT,0,NONE
LEDPORT,1,SOME
LEDPORT,2,ABOUT HALF
LEDPORT,3,MOST
LEDPORT,4,ALL 
LEDPORT,97,NO RESPONSE
LMRNUSEN,0,NONE
LMRNUSEN,1,FEW LIGHTS (about 25%)
LMRNUSEN,2,SOME LIGHTS (about 50%)
LMRNUSEN,3,MANY LIGHTS (about 75%)
LMRNUSEN,4,ALL LIGHTS (100%)
LMRNUSEN,97,NO RESPONSE
LMRNUSEN,99,NOT APPLICABLE
LDAYUSEN,0,NONE
LDAYUSEN,1,FEW LIGHTS (about 25%)
LDAYUSEN,2,SOME LIGHTS (about 50%)
LDAYUSEN,3,MANY LIGHTS (about 75%)
LDAYUSEN,4,ALL LIGHTS (100%)
LDAYUSEN,97,NO RESPONSE
LDAYUSEN,99,NOT APPLICABLE
LEVNUSEN,0,NONE
LEVNUSEN,1,FEW LIGHTS (about 25%)
LEVNUSEN,2,SOME LIGHTS (about 50%)
LEVNUSEN,3,MANY LIGHTS (about 75%)
LEVNUSEN,4,ALL LIGHTS (100%)
LEVNUSEN,97,NO RESPONSE
LEVNUSEN,99,NOT APPLICABLE
LNITEUSEN,0,NONE
LNITEUSEN,1,FEW LIGHTS (about 25%)
LNITEUSEN,2,SOME LIGHTS (about 50%)
LNITEUSEN,3,MANY LIGHTS (about 75%)
LNITEUSEN,4,ALL LIGHTS (100%)
LNITEUSEN,97,NO RESPONSE
LNITEUSEN,99,NOT APPLICABLE
ICTLTIMR,0,NONE
ICTLTIMR,1,1-2 PRODUCTS
ICTLTIMR,2,3-5 PRODUCTS
ICTLTIMR,3,6-10 PRODUCTS
ICTLTIMR,4,11 + PRODUCTS
ICTLTIMR,97,NO RESPONSE
ICTLOCCS,0,NONE
ICTLOCCS,1,1-2 PRODUCTS
ICTLOCCS,2,3-5 PRODUCTS
ICTLOCCS,3,6-10 PRODUCTS
ICTLOCCS,4,11 + PRODUCTS
ICTLOCCS,97,NO RESPONSE
ICTLDIM,0,NONE
ICTLDIM,1,1-2 PRODUCTS
ICTLDIM,2,3-5 PRODUCTS
ICTLDIM,3,6-10 PRODUCTS
ICTLDIM,4,11 + PRODUCTS
ICTLDIM,97,NO RESPONSE
ICTLCONN,0,NONE
ICTLCONN,1,1-2 PRODUCTS
ICTLCONN,2,3-5 PRODUCTS
ICTLCONN,3,6-10 PRODUCTS
ICTLCONN,4,11 + PRODUCTS
ICTLCONN,97,NO RESPONSE
ICTLNITE,0,NONE
ICTLNITE,1,1-2 PRODUCTS
ICTLNITE,2,3-5 PRODUCTS
ICTLNITE,3,6-10 PRODUCTS
ICTLNITE,4,11 + PRODUCTS
ICTLNITE,97,NO RESPONSE
ICTLNITE,99,NOT APPLICABLE
EXINC,0,NONE
EXINC,1,1-2 FIXTURES
EXINC,2,3-5 FIXTURES
EXINC,3,6+ FIXTURES
EXINC,97,NO RESPONSE
EXCFL,0,NONE
EXCFL,1,1-2 FIXTURES
EXCFL,2,3-5 FIXTURES
EXCFL,3,6+ FIXTURES
EXCFL,97,NO RESPONSE
EXLED,0,NONE
EXLED,1,1-2 FIXTURES
EXLED,2,3-5 FIXTURES
EXLED,3,6+ FIXTURES
EXLED,97,NO RESPONSE
EXLOWV,0,NONE
EXLOWV,1,1-2 FIXTURES
EXLOWV,2,3-5 FIXTURES
EXLOWV,3,6+ FIXTURES
EXLOWV,97,NO RESPONSE
EXHID,0,NONE
EXHID,1,1-2 FIXTURES
EXHID,2,3-5 FIXTURES
EXHID,3,6+ FIXTURES
EXHID,97,NO RESPONSE
ECTLTIMR,0,NONE
ECTLTIMR,1,1-2 FIXTURES
ECTLTIMR,2,3-5 FIXTURES
ECTLTIMR,3,6+ FIXTURES
ECTLTIMR,97,NO RESPONSE
ECTLDSK,0,NONE
ECTLDSK,1,1-2 FIXTURES
ECTLDSK,2,3-5 FIXTURES
ECTLDSK,3,6+ FIXTURES
ECTLDSK,97,NO RESPONSE
ECTLMOTN,0,NONE
ECTLMOTN,1,1-2 FIXTURES
ECTLMOTN,2,3-5 FIXTURES
ECTLMOTN,3,6+ FIXTURES
ECTLMOTN,97,NO RESPONSE
CHRGRS,0,NONE
CHRGRS,1,ONE
CHRGRS,2,TWO
CHRGRS,3,THREE OR MORE
CHRGRS,97,NO RESPONSE
RECHVAC,0,NONE
RECHVAC,1,ONE
RECHVAC,2,TWO
RECHVAC,3,THREE OR MORE
RECHVAC,97,NO RESPONSE
SMACOOK,0,NONE
SMACOOK,1,ONE
SMACOOK,2,TWO
SMACOOK,3,THREE OR MORE
SMACOOK,97,NO RESPONSE
FNPORT,0,NONE
FNPORT,1,ONE
FNPORT,2,TWO
FNPORT,3,THREE OR MORE
FNPORT,97,NO RESPONSE
FNCEIL,0,NONE
FNCEIL,1,ONE
FNCEIL,2,TWO
FNCEIL,3,THREE OR MORE
FNCEIL,97,NO RESPONSE
WNDATV,0,NONE
WNDATV,1,ONE
WNDATV,2,TWO
WNDATV,3,THREE OR MORE
WNDATV,97,NO RESPONSE
FNATTIC,0,NONE
FNATTIC,1,ONE
FNATTIC,2,TWO
FNATTIC,3,THREE OR MORE
FNATTIC,97,NO RESPONSE
FNWHOLE,0,NONE
FNWHOLE,1,ONE
FNWHOLE,2,TWO
FNWHOLE,3,THREE OR MORE
FNWHOLE,97,NO RESPONSE
AIRCLEAN,0,NONE
AIRCLEAN,1,ONE
AIRCLEAN,2,TWO
AIRCLEAN,3,THREE OR MORE
AIRCLEAN,97,NO RESPONSE
PORTPUR,0,NONE
PORTPUR,1,ONE
PORTPUR,2,TWO
PORTPUR,3,THREE OR MORE
PORTPUR,97,NO RESPONSE
HUMDEH,0,NONE
HUMDEH,1,ONE
HUMDEH,2,TWO
HUMDEH,3,THREE OR MORE
HUMDEH,97,NO RESPONSE
WINCLR,0,NONE
WINCLR,1,ONE
WINCLR,2,TWO
WINCLR,3,THREE OR MORE
WINCLR,97,NO RESPONSE
WHPURIFY,0,NONE
WHPURIFY,1,ONE
WHPURIFY,2,TWO
WHPURIFY,3,THREE OR MORE
WHPURIFY,97,NO RESPONSE
DHWRPMP,0,NONE
DHWRPMP,1,ONE
DHWRPMP,2,TWO
DHWRPMP,3,THREE OR MORE
DHWRPMP,97,NO RESPONSE
SAUNA,0,NONE
SAUNA,1,ONE
SAUNA,2,TWO
SAUNA,3,THREE OR MORE
SAUNA,97,NO RESPONSE
POND,0,NONE
POND,1,ONE
POND,2,TWO
POND,3,THREE OR MORE
POND,97,NO RESPONSE
FIREPIT,0,NONE
FIREPIT,1,ONE
FIREPIT,2,TWO
FIREPIT,3,THREE OR MORE
FIREPIT,97,NO RESPONSE
WLWTRPMP,1,NO
WLWTRPMP,2,YES
WLWTRPMP,97,NO RESPONSE
WTRSRCES,1,YES
WTRSRCES,2,NO
WTRSRCES,97,NO RESPONSE
WTRSRCES,99,NOT APPLICABLE
WLWTUSE,1,WELL WATER FOR GARDEN
WLWTUSE,2,WELL WATER FOR HOUSE
WLWTUSE,3,WELL WATER FOR ALL
WLWTUSE,97,NO RESPONSE
WLWTUSE,99,NOT APPLICABLE
SUMPPMP,0,NONE
SUMPPMP,1,EQUIPMENT FUEL ELEC
SHOPTLS,0,NONE
SHOPTLS,1,EQUIPMENT FUEL ELEC
WELD,0,NONE
WELD,1,EQUIPMENT FUEL ELEC
AIRCOMP,0,NONE
AIRCOMP,1,EQUIPMENT FUEL ELEC
BATCHRGE,0,NONE
BATCHRGE,1,EQUIPMENT FUEL ELEC
KILN,0,NONE
KILN,1,EQUIPMENT FUEL ELEC
KILN,2,EQUIPMENT FUEL NG
KILN,3,EQUIPMENT FUEL BG
MEDICAL,0,NONE
MEDICAL,1,EQUIPMENT FUEL ELEC
MEDICAL,2,EQUIPMENT FUEL NG
MEDICAL,3,EQUIPMENT FUEL BG
EWHLS1,1,NO
EWHLS1,97,NO RESPONSE
EWHLS1,99,NOT APPLICABLE
EWHLS2,2,"YES, ELEC WHLCHR/CART"
EWHLS2,97,NO RESPONSE
EWHLS2,99,NOT APPLICABLE
EWHLS3,3,"YES, ELEC BICYCLE/SKTBD "
EWHLS3,97,NO RESPONSE
EWHLS3,99,NOT APPLICABLE
CHRGELSC,1,YES
CHRGELSC,2,NO
CHRGELSC,97,NO RESPONSE
CHRGELSC,99,NOT APPLICABLE
OLRGAPP,2,YES
OLRGAPP,1,NO
OLRGAPP,97,NO RESPONSE
OLRGAPP,99,NOT APPLICABLE
CHADD,0,NO
CHADD,1,YES
CHFUEL,1,ADD APP FUEL ELEC
CHFUEL,2,ADD APP FUEL NG
CHFUEL,3,ADD APP FUEL OTHER
CHFUEL,97,NO RESPONSE
CHFUEL,99,NOT APPLICABLE
CCADD,0,NO
CCADD,1,YES
CCFUEL,1,ADD APP FUEL ELEC
CCFUEL,99,NOT APPLICABLE
WWADD,0,NO
WWADD,1,YES
WWFUEL,1,ADD APP FUEL ELEC
WWFUEL,99,NOT APPLICABLE
EVCLADD,0,NO
EVCLADD,1,YES
EVCLADD,97,NO RESPONSE
EVCLADD,99,NOT APPLICABLE
EVCLFUEL,1,ADD APP FUEL ELEC
EVCLFUEL,97,NO RESPONSE
EVCLFUEL,99,NOT APPLICABLE
WHADD,0,NO
WHADD,1,YES
WHFUEL,1,ADD APP FUEL ELEC
WHFUEL,2,ADD APP FUEL NG
WHFUEL,3,ADD APP FUEL OTHER
WHFUEL,97,NO RESPONSE
WHFUEL,99,NOT APPLICABLE
RFADD,0,NO
RFADD,1,YES
RFADD,97,NO RESPONSE
RFADD,99,NOT APPLICABLE
RFFUEL,1,ADD APP FUEL ELEC
RFFUEL,97,NO RESPONSE
RFFUEL,99,NOT APPLICABLE
FRZADD,0,NO
FRZADD,1,YES
FRZADD,97,NO RESPONSE
FRZADD,99,NOT APPLICABLE
FRZFUEL,1,ADD APP FUEL ELEC
FRZFUEL,97,NO RESPONSE
FRZFUEL,99,NOT APPLICABLE
STADD,0,NO
STADD,1,YES
STFUEL,1,ADD APP FUEL ELEC
STFUEL,2,ADD APP FUEL NG
STFUEL,3,ADD APP FUEL OTHER
STFUEL,97,NO RESPONSE
STFUEL,99,NOT APPLICABLE
OVADD,0,NO
OVADD,1,YES
OVFUEL,1,ADD APP FUEL ELEC
OVFUEL,2,ADD APP FUEL NG
OVFUEL,3,ADD APP FUEL OTHER
OVFUEL,97,NO RESPONSE
OVFUEL,99,NOT APPLICABLE
MWADD,0,NO
MWADD,1,YES
MWFUEL,1,ADD APP FUEL ELEC
MWFUEL,99,NOT APPLICABLE
DWADD,0,NO
DWADD,1,YES
DWFUEL,1,ADD APP FUEL ELEC
DWFUEL,99,NOT APPLICABLE
CWADD,0,NO
CWADD,1,YES
CWFUEL,1,ADD APP FUEL ELEC
CWFUEL,99,NOT APPLICABLE
CDADD,0,NO
CDADD,1,YES
CDFUEL,1,ADD APP FUEL ELEC
CDFUEL,2,ADD APP FUEL NG
CDFUEL,3,ADD APP FUEL OTHER
CDFUEL,97,NO RESPONSE
CDFUEL,99,NOT APPLICABLE
PHADD,0,NO
PHADD,1,YES
PHFUEL,1,ADD APP FUEL ELEC
PHFUEL,2,ADD APP FUEL NG
PHFUEL,3,ADD APP FUEL OTHER
PHFUEL,97,NO RESPONSE
PHFUEL,99,NOT APPLICABLE
PPADD,0,NO
PPADD,1,YES
PPFUEL,1,ADD APP FUEL ELEC
PPFUEL,99,NOT APPLICABLE
TBADD,0,NO
TBADD,1,YES
TBFUEL,1,ADD APP FUEL ELEC
TBFUEL,2,ADD APP FUEL NG
TBFUEL,3,ADD APP FUEL OTHER
TBFUEL,97,NO RESPONSE
TBFUEL,99,NOT APPLICABLE
NOADD,1,YES
NOADD,97,NO RESPONSE
NOADD,99,NOT APPLICABLE
DCHAGE,1,1-10 YRS
DCHAGE,2,11-20 YRS
DCHAGE,3,21+ YRS
DCHAGE,97,NO RESPONSE
DCHAGE,99,NOT APPLICABLE
DCHFL,1,ELECTRIC
DCHFL,2,NATURAL GAS
DCHFL,3,OTHER
DCHFL,97,NO RESPONSE
DCHFL,99,NOT APPLICABLE
DCCAGE,1,1-10 YRS
DCCAGE,2,11-20 YRS
DCCAGE,3,21+ YRS
DCCAGE,97,NO RESPONSE
DCCAGE,99,NOT APPLICABLE
DCCFL,1,ELECTRIC
DCCFL,97,NO RESPONSE
DCCFL,99,NOT APPLICABLE
DWWAGE,1,1-10 YRS
DWWAGE,2,11-20 YRS
DWWAGE,3,21+ YRS
DWWAGE,97,NO RESPONSE
DWWAGE,99,NOT APPLICABLE
DWWFL,1,ELECTRIC
DWWFL,97,NO RESPONSE
DWWFL,99,NOT APPLICABLE
DEVCLAGE,1,1-10 YRS
DEVCLAGE,2,11-20 YRS
DEVCLAGE,3,21+ YRS
DEVCLAGE,97,NO RESPONSE
DEVCLAGE,99,NOT APPLICABLE
DEVCLFL,1,ELECTRIC
DEVCLFL,97,NO RESPONSE
DEVCLFL,99,NOT APPLICABLE
DWHAGE,1,1-10 YRS
DWHAGE,2,11-20 YRS
DWHAGE,3,21+ YRS
DWHAGE,97,NO RESPONSE
DWHAGE,99,NOT APPLICABLE
DWHFL,1,ELECTRIC
DWHFL,2,NATURAL GAS
DWHFL,3,OTHER
DWHFL,97,NO RESPONSE
DWHFL,99,NOT APPLICABLE
DRFAGE,1,1-10 YRS
DRFAGE,2,11-20 YRS
DRFAGE,3,21+ YRS
DRFAGE,97,NO RESPONSE
DRFAGE,99,NOT APPLICABLE
DRFFL,1,ELECTRIC
DRFFL,97,NO RESPONSE
DRFFL,99,NOT APPLICABLE
DFZAGE,1,1-10 YRS
DFZAGE,2,11-20 YRS
DFZAGE,3,21+ YRS
DFZAGE,97,NO RESPONSE
DFZAGE,99,NOT APPLICABLE
DFRZFL,1,ELECTRIC
DFRZFL,97,NO RESPONSE
DFRZFL,99,NOT APPLICABLE
DSTAGE,1,1-10 YRS
DSTAGE,2,11-20 YRS
DSTAGE,3,21+ YRS
DSTAGE,97,NO RESPONSE
DSTAGE,99,NOT APPLICABLE
DSTFL,1,ELECTRIC
DSTFL,2,NATURAL GAS
DSTFL,3,OTHER
DSTFL,97,NO RESPONSE
DSTFL,99,NOT APPLICABLE
DOVAGE,1,1-10 YRS
DOVAGE,2,11-20 YRS
DOVAGE,3,21+ YRS
DOVAGE,97,NO RESPONSE
DOVAGE,99,NOT APPLICABLE
DOVFL,1,ELECTRIC
DOVFL,2,NATURAL GAS
DOVFL,3,OTHER
DOVFL,97,NO RESPONSE
DOVFL,99,NOT APPLICABLE
DMWAGE,1,1-10 YRS
DMWAGE,2,11-20 YRS
DMWAGE,3,21+ YRS
DMWAGE,97,NO RESPONSE
DMWAGE,99,NOT APPLICABLE
DMWFL,1,ELECTRIC
DMWFL,99,NOT APPLICABLE
DDWAGE,1,1-10 YRS
DDWAGE,2,11-20 YRS
DDWAGE,3,21+ YRS
DDWAGE,97,NO RESPONSE
DDWAGE,99,NOT APPLICABLE
DDWFL,1,ELECTRIC
DDWFL,99,NOT APPLICABLE
DCWAGE,1,1-10 YRS
DCWAGE,2,11-20 YRS
DCWAGE,3,21+ YRS
DCWAGE,97,NO RESPONSE
DCWAGE,99,NOT APPLICABLE
DCWFL,1,ELECTRIC
DCWFL,99,NOT APPLICABLE
DCDAGE,1,1-10 YRS
DCDAGE,2,11-20 YRS
DCDAGE,3,21+ YRS
DCDAGE,97,NO RESPONSE
DCDAGE,99,NOT APPLICABLE
DCDFL,1,ELECTRIC
DCDFL,2,NATURAL GAS
DCDFL,3,OTHER
DCDFL,97,NO RESPONSE
DCDFL,99,NOT APPLICABLE
DPHAGE,1,1-10 YRS
DPHAGE,2,11-20 YRS
DPHAGE,3,21+ YRS
DPHAGE,97,NO RESPONSE
DPHAGE,99,NOT APPLICABLE
DPHFL,1,ELECTRIC
DPHFL,2,NATURAL GAS
DPHFL,3,OTHER
DPHFL,97,NO RESPONSE
DPHFL,99,NOT APPLICABLE
DPPAGE,1,1-10 YRS
DPPAGE,2,11-20 YRS
DPPAGE,3,21+ YRS
DPPAGE,97,NO RESPONSE
DPPAGE,99,NOT APPLICABLE
DPPFL,1,ELECTRIC
DPPFL,99,NOT APPLICABLE
DTBAGE,1,1-10 YRS
DTBAGE,2,11-20 YRS
DTBAGE,3,21+ YRS
DTBAGE,97,NO RESPONSE
DTBAGE,99,NOT APPLICABLE
DTBFL,1,ELECTRIC
DTBFL,2,NATURAL GAS
DTBFL,3,OTHER
DTBFL,97,NO RESPONSE
DTBFL,99,NOT APPLICABLE
NODISCRD,1,YES
NODISCRD,97,NO RESPONSE
NORENEW,1,NO RENEW  ENERGY TECH
NORENEW,97,NO RESPONSE
NORENEW,99,NOT APPLICABLE
PVRENEW,1,SOLAR ELEC/PV CELLS
PVRENEW,97,NO RESPONSE
PVRENEW,99,NOT APPLICABLE
SORENEW,1,SOLAR WATER HEAT (IN-HOME ) 
SORENEW,97,NO RESPONSE
SORENEW,99,NOT APPLICABLE
BTRENEW,1,BATTERY STOR  TO SOLAR 
BTRENEW,97,NO RESPONSE
BTRENEW,99,NOT APPLICABLE
WGRENEW,1,WIND GENERATOR 
WGRENEW,97,NO RESPONSE
WGRENEW,99,NOT APPLICABLE
FCRENEW,1,FUEL CELLS 
FCRENEW,97,NO RESPONSE
FCRENEW,99,NOT APPLICABLE
NOPLAN,1,NO PLANS 
NOPLAN,97,NO RESPONSE
NOPLAN,99,NOT APPLICABLE
PVPLAN,1,SOLAR ELEC/PV CELLS
PVPLAN,97,NO RESPONSE
PVPLAN,99,NOT APPLICABLE
SOWHPLAN,1,SOLAR WATER HEAT (IN-HOME ) 
SOWHPLAN,97,NO RESPONSE
SOWHPLAN,99,NOT APPLICABLE
SOPHPLAN,1,SOLAR POOL WATER HEAT
SOPHPLAN,97,NO RESPONSE
SOPHPLAN,99,NOT APPLICABLE
BTPLAN,1,BATTERY STOR  TO SOLAR 
BTPLAN,97,NO RESPONSE
BTPLAN,99,NOT APPLICABLE
WGPLAN,1,WIND GENERATOR 
WGPLAN,97,NO RESPONSE
WGPLAN,99,NOT APPLICABLE
FCPLAN,1,FUEL CELLS 
FCPLAN,97,NO RESPONSE
FCPLAN,99,NOT APPLICABLE
OTHPLAN,1,OTHER PLANS
OTHPLAN,97,NO RESPONSE
OTHPLAN,99,NOT APPLICABLE
samEth,0,NO
samEth,1,YES
mixedeth,0,NO
mixedeth,1,YES
PTHME,1,YES
PTHME,2,NO
PTHME,97,NO RESPONSE
PTHMELOC,1,MOUNTAINS
PTHMELOC,2,DESERT
PTHMELOC,3,LAKE OR RIVER
PTHMELOC,4,OCEAN
PTHMELOC,5,OTHER
PTHMELOC,97,NO RESPONSE
PTHMELOC,99,NOT APPLICABLE
PTHMEUTL,1,PGE
PTHMEUTL,2,SCE
PTHMEUTL,3,SDGE
PTHMEUTL,4,LADWP
PTHMEUTL,5,SMUD
PTHMEUTL,6,OTHER
PTHMEUTL,97,NO RESPONSE
PTHMEUTL,99,NOT APPLICABLE
PTHMGUTL,1,PG&E
PTHMGUTL,2,SDG&E
PTHMGUTL,3,SOCALGAS
PTHMGUTL,4,OTHER
PTHMGUTL,5,NONE
PTHMGUTL,97,NO RESPONSE
PTHMGUTL,99,NOT APPLICABLE
EDUC,1,GRADES 1-8
EDUC,2,GRADES 9 - 12
EDUC,3,HS GRADUATE
EDUC,4,SOME COLLEGE
EDUC,5,COLLEGE GRADUAGE
EDUC,6,POSTGRADUATE DEGREE
EDUC,97,NO RESPONSE
ETHNIC,1,ENGLISH
ETHNIC,2,ASIAN
ETHNIC,3,SPANISH
ETHNIC,4,OTHER
ETHNIC,97,NO RESPONSE
DISABLED,1,NO
DISABLED,2,"YES, 1 PERSON PERMANENTLY"
DISABLED,3,"YES, 2 PERSON PERMANENTLY"
DISABLED,97,NO RESPONSE
HOHETH,1,American Indian AK Native
HOHETH,2,Asian Pacific Islander
HOHETH,3,Black African America
HOHETH,4,Hispanic Latino
HOHETH,5,White Caucasian
HOHETH,6,Other
HOHETH,7,Mixed
HOHETH,97,NO RESPONSE
HOHIND1,0,NO
HOHIND1,1,YES
HOHIND1,97,NO RESPONSE
HOHIND2,0,NO
HOHIND2,1,YES
HOHIND2,97,NO RESPONSE
HOHASN1,0,NO
HOHASN1,1,YES
HOHASN1,97,NO RESPONSE
HOHASN2,0,NO
HOHASN2,1,YES
HOHASN2,97,NO RESPONSE
HOHBLK1,0,NO
HOHBLK1,1,YES
HOHBLK1,97,NO RESPONSE
HOHBLK2,0,NO
HOHBLK2,1,YES
HOHBLK2,97,NO RESPONSE
HOHLAT1,0,NO
HOHLAT1,1,YES
HOHLAT1,97,NO RESPONSE
HOHLAT2,0,NO
HOHLAT2,1,YES
HOHLAT2,97,NO RESPONSE
HOHWHT1,0,NO
HOHWHT1,1,YES
HOHWHT1,97,NO RESPONSE
HOHWHT2,0,NO
HOHWHT2,1,YES
HOHWHT2,97,NO RESPONSE
HOHOTH1,0,NO
HOHOTH1,1,YES
HOHOTH1,97,NO RESPONSE
HOHOTH2,0,NO
HOHOTH2,1,YES
HOHOTH2,97,NO RESPONSE
INCOME19,1,"LESS THAN $10,000"
INCOME19,2,"$10,000 – $19,999"
INCOME19,3,"$20,000 – $24,999"
INCOME19,4,"$25,000 – $49,999"
INCOME19,5,"$50,000 – $74,999"
INCOME19,6,"$75,000 – $99,999"
INCOME19,7,"$100,000 – $149,999"
INCOME19,8,"$150,000 – $174,999"
INCOME19,9,"$175,000 – $199,999"
INCOME19,10,"$200,000 – $249,999"
INCOME19,11,"$250,000 OR MORE"
INCOME19,12,PREFER NOT TO ANSWER
INCOME19,97,NO RESPONSE
gasMM,0,Gas Individually Metered
gasMM,1,Gas Master Metered
OccType,1,"Have Children, No Seniors"
OccType,2,"No Seniors, No Children"
OccType,3,"Have Seniors, No Children"
OccType,4,Seniors and Children
OccType,97,NO RESPONSE
paycool3,0,DOES NOT PAY FOR CAC
paycool3,1,PAYS FOR CAC
paycool3,97,NO RESPONSE
prov,2,PG&E
prov,4,SDG&E
prov,6,SCG